Pnum,Condition,IBArticle,EBArticle,Accountability_1,Accountability_2,Accountability_3,Accountability_4,Accountability_4_REV,Accountability_5,Accountability_5_REV,Accountability_6,xAccountability,Concern_1,Concern_1_REV,Concern_2,Concern_2_REV,Concern_3,Concern_3_REV,Concern_4,Concern_5,Concern_6,xConcern,Reform_1,Reform_2,Reform_3,Reform_4,Reform_5,xReform,Punish_1,Punish_2,Punish_3,xPunish,BiasPercep_1,BiasPercep_2,BiasPercep_3,BiasPercep_3_REV,BiasPercep_4,xBiasPercep,Attribution,MCP_1,MCP_2,MCP_3,MCP_4,MCP_5,xEMS,MCP_6,MCP_7,MCP_7_REV,MCP_8,MCP_9,MCP_10,xIMS,BiasAware_1,BiasAware_2,BiasAware_3,BiasAware_4,BiasAware_4_REV,xBiasAware,IB_Know_1,IB_Know_2,IB_Know_3,xIBKnow,ArtCheck1,ArtCheck2,BiasDef,Job,MedicalProf,GunOwn,MarijuanaUse,Age,Gender,Gender_Recoded,Race_1,Race_2,Race_3,Race_4,Race_5,Race_6,Race_6_TEXT,White_Nonwhite,Cons,Lib,Lib_REV,xCons,Party,Party_TEXT,Exclude,Suspicion,Feedback,Hype,Prev
1,-0.5,0,1,5,5,6,3,5,2,6,6,5.5,3,5,2,6,2,6,7,7,7,6.33,5,5,5,7,6,5.6,6,5,7,6,6,4,5,3,5,4.5,3,5,4,7,5,4,5,5,5,3,6,5,6,5,4,4,6,3,5,4.75,6,6,6,6,2,3,3,retail,0,2,2,23,1,-0.5,0,0,0,1,0,0,,0.5,4,4,4,4,4,,1,0,,,2
2,-0.5,0,1,4,6,6,2,6,2,6,6,5.67,2,6,1,7,2,6,7,7,6,6.5,7,7,7,4,7,6.4,7,7,5,6.33,3,4,5,3,3,3.25,5,4,4,4,4,4,4,7,1,7,7,7,7,7,3,4,5,4,4,4,5,5,6,5.33,3,3,3,student,0,2,2,22,2,0.5,0,0,1,0,0,0,,-0.5,1,7,1,1,1,,1,0,no,not sure,2
3,-0.5,0,1,7,7,7,1,7,3,5,6,6.5,2,6,3,5,3,5,7,7,7,6.17,7,7,7,5,6,6.4,7,7,6,6.67,1,1,7,1,1,1,1,5,4,7,3,3,4.4,7,1,7,7,7,7,7,1,1,1,7,1,1,6,6,6,6,3,3,3,Phone specialist,0,2,1,32,1,-0.5,0,0,1,0,0,0,,-0.5,2,5,3,2.5,1,,1,0,,Seeing how people feel about opinions,2
4,-0.5,0,1,5,3,4,4,4,4,4,4,4,4,4,4,4,3,5,4,3,4,4,4,5,3,4,3,3.8,4,3,4,3.67,4,5,4,4,3,4,4,5,5,3,4,4,4.2,4,4,4,4,4,3,3.8,4,3,4,4,4,3.75,4,5,4,4.33,3,3,3,Assistant Manager,0,2,2,28,1,-0.5,0,0,1,0,0,0,,-0.5,4,4,4,4,3,,1,0,nope,not sure,2
5,-0.5,0,1,6,6,6,2,6,6,2,6,5.33,2,6,2,6,2,6,6,6,6,6,6,6,6,6,6,6,6,6,6,6,2,2,2,6,2,3,2,2,2,2,1,2,1.8,7,1,7,7,7,7,7,2,2,2,6,2,2,6,6,6,6,3,3,3,Waitress,0,2,2,29,2,0.5,1,0,0,0,0,0,,0.5,4,4,4,4,3,,1,0,no,no,2
6,-0.5,0,1,6,6,6,2,6,2,6,6,6,2,6,2,6,6,2,6,6,2,4.67,6,6,6,6,6,6,6,6,6,6,2,2,6,2,2,2,5,2,2,2,2,2,2,6,2,6,6,6,6,6,2,2,2,6,2,2,6,6,6,6,3,3,3,military,0,1,2,29,1,-0.5,0,0,1,0,0,0,,-0.5,1,7,1,1,3,,1,0,,,2
7,-0.5,0,1,5,6,6,3,5,1,7,6,5.83,2,6,2,6,5,3,6,6,6,5.5,7,5,7,6,6,6.2,6,7,6,6.33,5,5,5,3,4,4.25,7,4,3,4,4,2,3.4,7,1,7,7,7,7,7,4,2,5,3,5,4,7,7,7,7,1,3,3,Unemployed,0,1,1,27,1,-0.5,0,0,1,0,0,0,,-0.5,2,7,1,1.5,1,,1,0,,,2
8,-0.5,0,1,7,7,7,2,6,3,5,6,6.33,2,6,2,6,2,6,7,7,7,6.5,6,6,6,6,6,6,6,6,6,6,3,5,2,6,3,4.25,2,5,6,5,6,5,5.4,2,4,4,3,2,2,2.6,5,3,2,2,6,4,6,6,4,5.33,3,3,3,Self-employed,0,1,1,30,1,-0.5,0,0,1,0,0,0,,-0.5,3,6,2,2.5,3,,1,0,No,Check our opinions on bias,2
9,-0.5,0,1,6,5,5,1,7,7,1,7,5.17,2,6,1,7,1,7,6,7,1,5.67,7,4,7,4,4,5.2,2,4,4,3.33,6,5,5,3,5,4.75,5,4,1,1,4,1,2.2,7,2,6,7,5,7,6.4,5,3,6,2,6,5,7,7,7,7,3,3,3,teacher,0,2,2,32,2,0.5,1,0,0,0,0,0,,0.5,6,3,5,5.5,3,,1,0,,views on implicit bias,2
10,-0.5,0,1,6,7,7,6,2,2,6,7,5.83,6,2,6,2,6,2,6,6,2,3.33,6,2,7,2,2,3.8,2,2,2,2,2,2,6,2,2,2,6,4,2,5,2,2,3,6,3,5,6,5,6,5.6,2,2,5,6,2,2.75,6,5,6,5.67,3,3,3,Software Engineer,0,1,1,25,1,-0.5,0,0,1,0,0,0,,-0.5,5,6,2,3.5,4,Libertarian,1,0,no,Something about bias,2
11,-0.5,0,1,5,5,5,3,5,4,4,5,4.83,4,4,5,3,5,3,5,6,5,4.33,6,5,5,5,4,5,5,4,5,4.67,6,5,5,3,5,4.75,3,6,4,5,6,6,5.4,5,6,2,6,6,4,4.6,4,3,4,5,3,3.5,5,6,6,5.67,3,3,3,analyst,0,2,2,33,2,0.5,0,1,0,0,0,0,,0.5,5,5,3,4,3,,1,0,,,2
12,-0.5,0,1,2,5,5,2,6,5,3,3,4,6,2,6,2,6,2,3,2,2,2.17,2,2,3,2,1,2,2,3,2,2.33,3,5,1,7,2,4.25,2,2,3,3,3,3,2.8,2,6,2,1,2,1,1.6,6,2,2,6,2,3,6,5,3,4.67,3,3,3,Automotive mechanic,0,2,2,34,1,-0.5,0,0,1,0,0,0,,-0.5,6,2,6,6,2,,1,0,"The question about gun ownership didn't have a ""prefer not to answer"" option like the marijuana usage question did.",I have no idea.,1
13,-0.5,0,1,2,2,2,5,3,6,2,6,2.83,5,3,6,2,5,3,5,6,5,4,5,3,6,6,4,4.8,1,1,2,1.33,3,3,5,3,3,3,6,3,2,2,1,2,2,6,4,4,6,7,6,5.8,3,3,2,6,2,2.5,3,3,4,3.33,3,3,3,General factory worker,0,2,2,24,1,-0.5,1,0,0,0,0,0,,0.5,2,7,1,1.5,1,,1,0,No comment,To see how we view bias,2
14,-0.5,0,1,5,5,5,3,5,3,5,7,5.33,2,6,3,5,5,3,6,5,6,5.17,6,5,6,2,5,4.8,1,4,2,2.33,6,6,2,6,6,6,3,7,7,6,7,7,6.8,3,4,4,3,3,3,3.2,6,5,6,2,6,5.75,5,5,6,5.33,3,3,3,IT,0,2,2,30,1,-0.5,1,0,0,0,0,0,,0.5,2,5,3,2.5,3,,1,0,,Testing how people judge unconscious bias from other people.,2
15,-0.5,0,1,4,7,7,1,7,1,7,7,6.5,4,4,4,4,4,4,7,7,7,5.5,7,7,7,4,5,6,4,7,4,5,7,7,1,7,7,7,4,5,5,4,4,4,4.4,4,4,4,4,4,4,4,5,4,4,5,3,4,7,7,7,7,3,3,3,Unemployed,0,2,2,25,2,0.5,0,0,0,1,0,0,,0.5,2,7,1,1.5,1,,1,0,,How we perceive others when they are bias and how we perceive our own bias of others,2
16,-0.5,0,1,6,6,6,2,6,6,2,6,5.33,2,6,2,6,2,6,6,6,6,6,6,6,6,6,6,6,7,7,7,7,2,2,6,2,2,2,6,2,2,6,2,2,2.8,6,2,6,6,6,6,6,2,2,2,6,2,2,6,6,6,6,3,3,3,Sales Rep,0,1,1,26,1,-0.5,0,0,1,0,0,0,,-0.5,4,4,4,4,3,,1,0,None,I dont know,2
17,-0.5,0,1,6,5,3,5,3,2,6,4,4.5,5,3,5,3,4,4,3,4,5,3.67,5,4,3,3,5,4,5,5,6,5.33,5,5,4,4,3,4.25,4,5,5,6,5,2,4.6,4,5,3,3,3,5,3.6,4,6,5,5,3,4.5,5,5,4,4.67,1,3,4,chef,0,2,2,23,1,-0.5,0,0,1,0,0,0,,-0.5,5,4,4,4.5,2,,1,0,,no clue,2
18,-0.5,0,1,2,4,5,3,5,5,3,6,4.17,5,3,6,2,6,2,3,5,3,3,6,5,6,3,2,4.4,1,3,2,2,5,6,3,5,5,5.25,5,2,2,3,2,2,2.2,6,5,3,6,3,6,4.8,5,2,3,5,3,3.25,6,6,6,6,3,3,3,Contractor,0,1,2,35,1,-0.5,0,0,1,0,0,0,,-0.5,1,7,1,1,1,,1,0,No,To see how the article effects the answers to the questions,2
19,-0.5,0,1,2,4,5,2,6,3,5,4,4.33,5,3,3,5,3,5,5,2,5,4.17,3,4,2,4,5,3.6,5,2,2,3,5,5,4,4,3,4.25,6,6,4,3,3,3,3.8,5,4,4,6,4,6,5,3,4,5,3,5,4.25,4,4,4,4,3,3,3,teacher assistant,0,2,3,23,2,0.5,0,0,1,0,0,0,,-0.5,3,5,3,3,1,,1,0,no,To see how I felt,2
20,-0.5,0,1,4,2,4,4,4,6,2,4,3.33,6,2,6,2,6,2,4,2,4,2.67,5,2,5,2,2,3.2,2,2,2,2,2,2,7,1,2,1.75,5,1,1,1,1,1,1,6,2,6,7,7,7,6.6,1,1,1,7,1,1,6,6,2,4.67,3,3,3,Team manager,0,1,2,41,1,-0.5,0,0,1,0,0,0,,-0.5,7,1,7,7,3,,1,0,"The questions were well stated. The ideas of doctor bias are new to me, but it gets me thinking",not sure,2
21,-0.5,0,1,7,7,7,2,6,5,3,7,6.17,2,6,5,3,5,3,7,6,5,5,5,3,6,3,1,3.6,5,7,5,5.67,1,2,7,1,1,1.25,2,1,1,7,1,1,2.2,1,2,6,7,6,7,5.4,1,1,1,6,2,1.25,7,7,7,7,3,2,3,software engineer,0,2,2,33,1,-0.5,0,1,1,0,0,0,,0.5,2,6,2,2,3,,1,0,no,see if people believe implicit bias is real,2
22,-0.5,0,1,6,7,7,1,7,2,6,7,6.67,2,6,2,6,1,7,7,6,7,6.5,7,6,2,6,5,5.2,5,7,6,6,3,3,6,2,6,3.5,1,1,1,2,1,1,1.2,7,1,7,7,7,7,7,1,2,2,6,2,1.75,3,2,2,2.33,3,3,3,electrician apprentice,0,1,1,31,1,-0.5,1,0,0,0,0,0,,0.5,1,6,2,1.5,1,,1,0,,,2
23,-0.5,0,1,5,5,5,2,6,3,5,6,5.33,5,3,5,3,5,3,6,5,6,4.33,4,5,6,3,3,4.2,5,4,4,4.33,4,6,5,3,4,4.25,4,6,6,6,6,6,6,6,6,2,6,6,6,5.2,4,6,5,4,4,4.75,5,5,5,5,3,3,3,self-employed,0,2,2,29,2,0.5,0,0,1,0,0,0,,-0.5,4,4,4,4,3,,1,0,,,2
24,-0.5,0,1,5,6,7,3,5,4,4,6,5.5,5,3,5,3,5,3,6,6,6,4.5,7,4,7,6,4,5.6,2,4,2,2.67,3,2,6,2,1,2,6,4,7,7,7,4,5.8,7,1,7,7,7,7,7,3,2,4,3,5,3.5,7,7,7,7,3,3,3,radiology technician,1,2,2,55,2,0.5,0,0,1,0,0,0,,-0.5,1,6,2,1.5,1,,1,0,"the specific cases of doctor bias struck me as trivial compared to real ones that have been demonstrated (diagnosing women with heart attacks, etc)",perception of expressing political ideology in professions,2
25,-0.5,0,1,7,6,7,2,6,1,7,7,6.67,5,3,2,6,5,3,7,7,3,4.83,7,5,7,2,2,4.6,5,7,5,5.67,6,6,2,6,6,6,5,3,5,5,5,3,4.2,7,2,6,7,6,6,6.4,5,6,6,2,6,5.75,6,6,7,6.33,3,3,3,Registered Nurse,1,2,1,29,1,-0.5,0,1,0,0,0,0,,0.5,1,6,2,1.5,1,,1,0,I do not.,How do we perceive the acceptability of bias in sensitive professions?,2
26,-0.5,0,1,4,6,6,2,6,2,6,5,5.5,2,6,2,6,2,6,7,5,7,6.17,4,6,5,2,5,4.4,3,5,4,4,1,1,7,1,1,1,4,1,1,1,1,1,1,4,1,7,4,6,4,5,1,1,1,7,1,1,6,6,1,4.33,3,3,3,mturk,0,2,1,55,2,0.5,0,0,1,0,0,0,,-0.5,5,1,7,6,3,,1,0,no,I don't know.,2
27,-0.5,0,1,4,6,6,4,4,3,5,7,5.33,5,3,5,3,5,3,4,5,5,3.83,6,5,7,5,4,5.4,2,6,4,4,5,5,2,6,3,4.75,5,5,4,4,3,2,3.6,6,2,6,6,6,7,6.2,5,4,5,3,5,4.75,2,5,4,3.67,3,3,3,Freelance graphic designer,0,1,2,20,1,-0.5,0,0,1,0,0,0,,-0.5,3,5,3,3,1,,1,0,,"To evaluate our personal ideals as they relate to social biases, and subsequently see how our beliefs affect our interpretation of the legitimacy of professionals (i.e. doctors or lawyers) acting in this manner.",2
28,-0.5,0,1,6,6,6,2,6,2,6,6,6,2,6,2,6,6,2,6,6,6,5.33,6,6,6,2,6,5.2,6,5,3,4.67,6,6,6,2,6,5,6,6,6,6,6,6,6,6,2,6,6,6,6,6,6,6,6,2,6,6,6,6,6,6,2,3,3,catsitter,0,2,1,25,2,0.5,0,0,1,0,0,0,,-0.5,2,6,2,2,1,,1,0,no,to see how people talk about their own biases after reading about bias,1
29,-0.5,0,1,5,5,5,3,5,4,4,4,4.67,5,3,5,3,6,2,5,5,3,3.5,3,4,3,3,4,3.4,4,4,3,3.67,3,3,3,5,3,3.5,4,4,3,3,3,4,3.4,3,3,5,4,4,4,4,3,3,3,3,5,3.5,2,4,4,3.33,3,3,4,paralegal,0,1,2,53,2,0.5,0,0,1,0,0,0,,-0.5,4,4,4,4,3,,1,0,no,bias,2
30,-0.5,0,1,7,7,7,1,7,1,7,7,7,1,7,1,7,4,4,7,7,4,6,7,7,7,7,7,7,4,7,7,6,4,4,4,4,4,4,1,1,6,7,4,2,4,6,1,7,7,6,6,6.4,1,1,1,7,1,1,5,5,4,4.67,3,3,3,Services,0,1,2,22,2,0.5,0,0,1,0,0,0,,-0.5,7,1,7,7,2,,1,0,,To see how people feel about prejudice and how they feel about people who are higher up using biases,2
31,-0.5,0,1,6,7,7,1,7,2,6,6,6.5,2,6,2,6,2,6,6,7,6,6.17,6,6,6,5,5,5.6,5,6,6,5.67,5,5,3,5,5,5,5,2,2,3,2,2,2.2,7,2,6,7,7,7,6.8,5,5,5,3,5,5,6,6,6,6,3,3,3,Science Policy Specialist,0,2,1,32,1,-0.5,0,0,1,0,0,0,,-0.5,3,6,2,2.5,1,,1,0,no,i'm not too sure,2
32,-0.5,0,1,6,6,6,2,6,2,6,6,6,2,6,2,6,2,6,6,6,6,6,6,6,5,5,5,5.4,6,6,6,6,6,6,2,6,6,6,6,1,1,1,1,1,1,1,6,2,1,1,1,1.2,6,1,6,6,2,3.75,6,6,6,6,3,3,3,dishwasher,0,2,2,31,2,0.5,0,0,1,0,0,0,,-0.5,5,3,5,5,3,,1,0,,perceptions of political bias,2
33,-0.5,0,1,4,5,6,3,5,4,4,5,4.83,5,3,5,3,5,3,6,5,4,4,4,5,5,3,1,3.6,4,5,3,4,5,5,5,3,4,4.25,5,4,3,5,4,2,3.6,5,3,5,5,5,5,5,5,2,3,4,4,3.5,6,5,5,5.33,3,3,3,cartographer,0,2,2,27,1,-0.5,0,0,1,0,0,0,,-0.5,5,5,3,4,4,libertarian,1,0,,,2
34,-0.5,0,1,5,6,5,3,5,7,1,7,4.83,3,5,3,5,3,5,5,3,6,4.83,6,5,7,2,4,4.8,2,3,1,2,6,6,2,6,6,6,5,5,6,2,2,2,3.4,2,3,5,3,3,1,2.8,5,3,5,3,5,4.5,5,5,6,5.33,3,3,3,Student,0,2,2,25,1,-0.5,0,0,1,0,0,0,,-0.5,1,6,2,1.5,1,,1,0,,,2
35,-0.5,0,1,6,6,6,1,7,1,7,7,6.5,1,7,1,7,1,7,7,6,7,6.83,6,6,7,6,6,6.2,5,6,6,5.67,6,6,3,5,6,5.75,4,2,2,2,1,1,1.6,2,6,2,1,2,1,1.6,6,2,2,6,2,3,5,5,4,4.67,2,3,3,Sales Rep,0,1,2,43,1,-0.5,0,0,1,0,0,0,,-0.5,6,1,7,6.5,2,,1,0,No,To see how people feel about political bias,2
36,-0.5,0,1,7,7,7,7,1,2,6,7,5.83,2,6,2,6,2,6,7,7,7,6.5,6,6,6,6,6,6,4,6,6,5.33,2,2,2,6,2,3,2,2,2,2,2,2,2,6,2,6,6,6,6,6,2,2,2,6,2,2,6,6,6,6,3,3,3,manager,0,1,2,35,1,-0.5,0,0,1,0,0,0,,-0.5,5,5,3,4,3,,1,0,interesting study,people being bias,2
37,-0.5,0,1,6,6,6,2,6,4,4,6,5.67,2,6,2,6,6,2,6,6,6,5.33,5,5,5,5,5,5,4,5,6,5,5,5,2,6,5,5.25,5,2,2,2,2,2,2,6,3,5,6,6,5,5.6,5,2,3,5,3,3.25,6,3,4,4.33,3,3,3,Purchasing agent,0,1,1,29,2,0.5,0,0,1,0,0,0,,-0.5,6,2,6,6,2,,1,0,No.,I'm not sure.,2
38,-0.5,0,1,6,6,6,2,6,2,6,6,6,4,4,4,4,6,2,6,5,2,3.83,7,5,6,6,4,5.6,4,6,3,4.33,2,1,6,2,2,1.75,6,1,1,1,1,1,1,6,4,4,7,5,7,5.8,1,1,1,6,2,1.25,6,6,6,6,3,3,3,currency analyst,0,2,2,32,1,-0.5,1,0,0,0,0,0,,0.5,2,6,2,2,1,,1,0,,,2
39,-0.5,0,1,5,6,6,2,6,3,5,6,5.67,3,5,2,6,3,5,6,6,6,5.67,6,6,6,6,6,6,3,5,5,4.33,5,5,5,3,5,4.5,6,2,2,2,2,2,2,6,2,6,6,6,6,6,3,2,2,6,2,2.25,5,5,6,5.33,3,3,3,Laboratory technician,0,2,2,28,1,-0.5,0,0,1,0,0,0,,-0.5,2,6,2,2,1,,1,0,No,If you are biased.,2
40,-0.5,0,1,7,7,7,1,7,1,7,7,7,1,7,1,7,1,7,7,7,7,7,7,7,7,7,5,6.6,5,6,5,5.33,5,3,7,1,3,3,2,2,2,2,2,2,2,7,2,6,7,7,7,6.8,2,2,2,6,2,2,6,6,6,6,3,3,3,Sales manager,0,2,2,26,2,0.5,0,0,1,0,0,0,,-0.5,6,1,7,6.5,2,,1,0,,Perception of implicit bias on doctors,2
41,-0.5,0,1,7,7,7,3,5,4,4,7,6.17,3,5,4,4,6,2,7,6,4,4.67,7,5,7,4,2,5,7,7,5,6.33,5,6,3,5,4,5,5,5,5,5,5,5,5,7,3,5,7,5,7,6.2,6,6,6,2,6,6,5,5,5,5,3,3,3,information technology project manager,0,1,2,43,1,-0.5,0,0,1,0,0,0,,-0.5,2,6,2,2,3,,1,0,Nothing else I can think of,"Just to see my reactions to the research mentioned in the article, I guess.",2
42,-0.5,0,1,6,4,7,1,7,4,4,6,5.67,5,3,5,3,5,3,4,7,4,4,5,4,6,4,4,4.6,5,5,4,4.67,7,7,1,7,7,7,4,5,5,5,5,5,5,1,7,1,1,1,1,1,4,3,3,5,3,3.25,5,5,5,5,3,3,3,customer service rep,0,1,2,46,1,-0.5,0,0,1,0,0,0,,-0.5,7,1,7,7,2,,1,0,No.,To see how I felt about the study.,2
43,-0.5,0,1,7,7,7,1,7,1,7,1,6,5,3,2,6,7,1,7,7,7,5.17,5,7,4,7,7,6,5,7,7,6.33,5,7,1,7,1,5,7,1,1,5,1,1,1.8,3,5,3,7,3,1,3.4,2,1,6,5,3,3,5,2,5,4,3,3,3,Mturk,0,1,1,40,1,-0.5,0,0,1,0,0,0,,-0.5,3,3,5,4,3,,1,0,,To see how people feel about bias,2
44,-0.5,0,1,7,7,7,7,1,4,4,6,5.33,5,3,5,3,6,2,7,7,6,4.67,7,6,6,4,6,5.8,2,6,2,3.33,6,6,6,2,6,5,5,5,6,6,6,4,5.4,6,4,4,7,4,6,5.4,5,6,4,3,5,5,6,6,6,6,1,3,3,Information Technology Administrator,0,1,3,29,1,-0.5,0,0,1,0,0,0,,-0.5,4,5,3,3.5,3,,1,0,It really struck me as hypocritical asking the questions about how I felt about doctors having bias and then immediately asking me if I am conscious of my bias.  I realized how easy it can be for a doctor to show such biases even though we want them not to simply because it is something as important as health care.,Possibly to uncover how possible it is to make biases not a factor in anything that people do?,2
45,-0.5,0,1,6,6,6,4,4,3,5,6,5.5,6,2,5,3,6,2,5,6,5,3.83,6,4,6,5,4,5,6,5,4,5,6,5,6,2,2,3.75,5,6,6,6,6,6,6,7,2,6,7,7,6,6.6,2,2,3,6,2,2.25,6,6,6,6,3,3,3,trainer,0,1,2,52,1,-0.5,0,0,1,0,0,0,,-0.5,2,7,1,1.5,1,,1,0,Interesting article,To compare survey answers with political leanings? I don't know.,3
46,-0.5,0,1,6,6,7,2,6,3,5,7,6.17,3,5,3,5,5,3,7,7,6,5.5,6,6,7,6,5,6,5,5,5,5,5,6,3,5,4,5,5,7,6,6,7,6,6.4,5,4,4,4,4,5,4.4,6,4,5,3,5,5,6,6,5,5.67,3,3,3,Homemaker,0,2,2,30,2,0.5,0,1,0,0,0,0,,0.5,3,5,3,3,1,,1,0,No.,How the article affects how we feel about biases.,2
47,-0.5,0,1,6,6,6,3,5,3,5,6,5.67,2,6,1,7,1,7,5,3,5,5.5,5,5,6,5,5,5.2,5,6,5,5.33,3,7,7,1,3,3.5,2,5,3,3,5,3,3.8,5,3,5,3,3,3,3.8,3,2,2,2,6,3.25,5,5,5,5,3,3,3,ssd,0,2,2,18,1,-0.5,0,1,1,0,0,1,,0.5,5,1,7,6,2,,1,0,no,koroseageruyo!,2
48,-0.5,0,1,5,7,6,4,4,3,5,6,5.5,4,4,5,3,6,2,5,5,5,4,4,3,4,3,3,3.4,2,3,1,2,6,7,1,7,6,6.5,5,3,4,4,3,4,3.6,2,5,3,4,2,3,2.8,6,4,4,4,4,4.5,5,5,5,5,3,3,3,it manager,0,1,2,42,1,-0.5,0,0,1,0,0,0,,-0.5,1,6,2,1.5,1,,1,0,,no idea,2
49,-0.5,0,1,4,4,4,4,4,4,4,4,4,4,4,4,4,4,4,4,4,4,4,4,4,4,4,4,4,4,4,4,4,4,4,4,4,4,4,4,4,4,4,4,4,4,4,4,4,4,4,4,4,4,4,4,4,4,4,4,4,4,4,3,3,3,26,0,1,1,26,1,-0.5,0,0,1,0,0,0,,-0.5,6,1,7,6.5,2,,1,0,,Perceptions about doctors asking about my guns,2
50,-0.5,0,1,6,5,7,2,6,3,5,7,6,2,6,1,7,5,3,7,6,6,5.83,4,4,5,5,4,4.4,4,5,4,4.33,2,2,6,2,2,2,4,1,1,1,1,1,1,7,1,7,7,7,7,7,2,2,2,6,2,2,7,7,6,6.67,3,3,3,Secretary,0,2,2,36,2,0.5,0,0,1,0,0,0,,-0.5,3,6,2,2.5,3,,1,0,It was very interesting.  Thank you.,Perception of bias in certain professions?,2
51,-0.5,0,1,3,6,6,4,4,2,6,7,5.33,6,2,6,2,7,1,7,6,2,3.33,7,3,7,2,1,4,1,4,2,2.33,5,4,3,5,5,4.75,6,4,4,6,2,2,3.6,7,1,7,7,7,7,7,6,6,6,1,7,6.25,7,7,7,7,3,3,3,Teacher,0,2,1,28,1,-0.5,0,0,1,0,0,0,,-0.5,1,7,1,1,1,,1,0,N/A,To examine attitudes about moral culpability and implicit bias.,2
52,-0.5,0,1,7,7,7,1,7,2,6,7,6.83,2,6,1,7,2,6,7,7,7,6.67,7,7,7,7,7,7,7,7,6,6.67,1,2,7,1,1,1.25,2,1,1,1,1,1,1,7,1,7,7,7,7,7,1,1,1,6,2,1.25,7,7,7,7,3,3,3,Self Employed,0,1,2,43,2,0.5,0,0,1,0,0,0,,-0.5,3,5,3,3,3,,1,0,,To get an idea of how people feel about biases and how those thoughts might affect others.,2
53,-0.5,0,1,4,5,6,4,4,1,7,6,5.33,4,4,6,2,5,3,7,6,4,4.33,7,5,6,5,4,5.4,4,4,4,4,3,4,6,2,4,3.25,5,4,5,4,4,4,4.2,7,1,7,7,7,6,6.8,5,5,5,4,4,4.75,7,7,7,7,3,3,3,Retail sales,0,2,2,59,1,-0.5,0,0,1,0,0,0,,-0.5,2,6,2,2,1,,1,0,,Bias,2
54,-0.5,0,1,3,6,6,3,5,5,3,6,4.83,3,5,1,7,6,2,6,5,2,4.5,6,5,7,4,6,5.6,3,7,2,4,1,6,5,3,1,2.75,6,7,7,6,5,5,6,7,2,6,6,6,6,6.2,5,6,5,1,7,5.75,7,6,7,6.67,3,3,3,Video Editor,0,2,2,22,1,-0.5,0,0,1,0,0,0,,-0.5,7,2,6,6.5,2,,1,0,,,2
55,-0.5,0,1,7,7,7,6,2,1,7,7,6.17,1,7,1,7,1,7,7,7,7,7,7,7,7,6,7,6.8,4,5,4,4.33,5,4,3,5,3,4.25,5,7,7,7,5,7,6.6,7,1,7,5,5,6,6,4,5,6,1,7,5.5,7,5,5,5.67,3,3,3,LPN,1,2,2,29,2,0.5,0,0,1,0,0,0,,-0.5,1,7,1,1,1,,1,0,,,2
56,-0.5,0,1,4,5,5,3,5,3,5,4,4.67,6,2,6,2,6,2,6,5,5,3.67,6,3,6,2,3,4,2,2,2,2,4,4,6,2,4,3.5,4,2,4,5,2,2,3,6,2,6,6,6,6,6,4,2,2,4,4,3,5,5,7,5.67,3,3,3,engineer,0,1,1,50,1,-0.5,0,0,1,0,0,0,,-0.5,4,4,4,4,3,,1,0,Interesting! Have a nice day!,"I can't really say, but I'm certainly curious.",2
57,-0.5,0,1,5,5,5,2,6,5,3,6,5,3,5,3,5,6,2,6,5,2,4.17,6,6,6,6,6,6,6,6,6,6,5,5,3,5,5,5,6,6,6,6,6,6,6,7,3,5,7,6,7,6.4,3,5,5,3,5,4.5,3,3,3,3,2,3,3,Homemaker,0,1,2,26,2,0.5,0,0,1,0,0,0,,-0.5,5,5,3,4,3,,1,0,None,To see peoples biases,2
58,-0.5,0,1,3,4,6,3,5,1,7,4,4.83,1,7,1,7,1,7,2,7,2,5.33,7,1,7,1,1,3.4,7,5,7,6.33,3,3,7,1,3,2.5,6,5,2,4,1,6,3.6,7,1,7,7,6,7,6.8,2,2,1,3,5,2.5,2,1,4,2.33,3,3,3,marketing manager,0,2,2,30,1,-0.5,0,0,1,0,0,0,,-0.5,4,4,4,4,2,,1,0,,no idea,3
59,-0.5,0,1,5,5,4,4,4,3,5,3,4.33,6,2,5,3,4,4,6,6,6,4.5,5,6,2,4,4,4.2,4,4,5,4.33,5,4,5,3,3,3.75,3,5,3,5,5,5,4.6,5,4,4,4,6,4,4.6,4,3,3,3,5,3.75,4,5,4,4.33,3,3,3,sales manager,0,2,2,30,2,0.5,0,0,1,0,0,0,,-0.5,1,7,1,1,1,,1,0,,bias,2
60,-0.5,0,1,7,7,7,1,7,1,7,7,7,1,7,1,7,1,7,7,7,7,7,7,7,7,6,6,6.6,7,7,7,7,4,5,5,3,6,4.5,7,6,7,7,7,6,6.6,7,5,3,7,7,7,6.2,5,6,1,4,4,4,5,5,5,5,3,3,3,supervisor,0,1,2,27,1,-0.5,0,0,1,0,0,0,,-0.5,4,4,4,4,3,,1,0,none,unsure,2
61,-0.5,0,1,4,4,4,4,4,4,4,4,4,4,4,4,4,4,4,4,4,4,4,4,4,4,4,4,4,4,4,4,4,4,4,4,4,4,4,4,4,4,4,4,4,4,4,4,4,4,4,4,4,4,4,4,4,4,4,4,4,4,4,3,3,3,healthcare,1,1,1,30,2,0.5,1,0,0,0,0,0,,0.5,4,4,4,4,1,,1,0,no,view people awareness of being bias,2
62,-0.5,0,1,7,7,7,1,7,1,7,7,7,1,7,1,7,1,7,7,7,7,7,7,7,7,7,7,7,7,7,7,7,2,2,6,2,2,2,2,2,2,2,2,2,2,6,2,6,6,6,6,6,2,2,2,6,2,2,6,6,6,6,1,3,3,agricultural manager,0,1,2,32,2,0.5,0,0,1,0,0,0,,-0.5,4,4,4,4,3,,1,0,None,Not sure,2
63,-0.5,0,1,5,7,7,1,7,1,7,7,6.67,3,5,3,5,3,5,7,7,7,6,7,7,7,5,1,5.4,7,6,5,6,2,3,6,2,2,2.25,7,1,1,7,1,1,2.2,7,1,7,7,7,7,7,5,6,5,1,7,5.75,7,7,7,7,3,3,3,it admin supervisor,0,1,1,37,2,0.5,0,0,1,0,0,0,,-0.5,2,7,1,1.5,3,,1,0,no,unsure,2
64,-0.5,0,1,5,6,6,2,6,4,4,6,5.5,2,6,2,6,1,7,7,6,7,6.5,4,5,5,4,5,4.6,6,6,6,6,4,3,6,2,2,2.75,4,4,2,2,4,2,2.8,6,3,5,6,5,6,5.6,2,3,2,6,2,2.25,5,5,5,5,3,3,3,Programmer,0,2,2,27,1,-0.5,0,1,0,0,0,0,,0.5,3,4,4,3.5,1,,1,0,It was interesting.,To find out if people think doctors with biases should be able to be doctors or not and if they should be punished or not if they show bias to patients.,2
65,-0.5,0,1,5,6,6,3,5,3,5,6,5.5,3,5,3,5,6,2,4,5,2,3.83,7,5,6,6,5,5.8,3,5,4,4,6,2,5,3,5,4,4,5,2,5,2,2,3.2,2,3,5,4,5,6,4.4,5,4,5,3,5,4.75,6,5,5,5.33,3,3,3,Entrepreneur,0,1,2,20,1,-0.5,0,0,1,0,0,0,,-0.5,2,6,2,2,1,,1,0,I've seen some of the bias questions before.,I don't know.,1
66,-0.5,0,1,6,6,6,3,5,3,5,6,5.67,5,3,5,3,6,2,7,6,3,4,7,3,6,3,3,4.4,4,5,2,3.67,5,5,3,5,5,5,5,2,1,6,2,2,2.6,7,1,7,7,7,7,7,6,2,3,5,3,3.5,7,7,7,7,3,3,3,Brand Ambassador,0,2,2,48,1,-0.5,0,0,1,0,0,0,,-0.5,1,6,2,1.5,3,,1,0,Thank you,To gauge understanding of implicit bias and how people view the bias of others.,2
67,-0.5,0,1,4,6,6,2,6,4,4,6,5.33,2,6,4,4,4,4,6,4,6,5,6,6,6,6,6,6,3,4,4,3.67,2,2,6,2,2,2,2,4,4,4,2,2,3.2,6,2,6,6,6,6,6,2,2,2,6,2,2,4,4,6,4.67,3,3,3,Medical Assistant,1,2,2,36,2,0.5,0,0,1,0,0,0,,-0.5,6,4,4,5,2,,1,0,,I think this study was to evaluate if individual's thought certain biases were acceptable behavior in Doctors.,2
68,-0.5,0,1,6,7,7,7,1,2,6,5,5.33,6,2,7,1,6,2,6,3,5,3.17,7,6,5,5,1,4.8,7,6,5,6,7,7,7,1,7,5.5,6,7,7,7,7,6,6.8,7,7,1,7,6,7,5.6,6,2,5,7,1,3.5,7,7,7,7,3,3,3,Deputy Court Clerk,0,2,2,30,1,-0.5,0,0,1,0,0,0,,-0.5,5,3,5,5,2,,1,0,No,Not sure,2
69,-0.5,0,1,5,6,5,2,6,3,5,7,5.67,4,4,3,5,5,3,5,6,5,4.67,6,4,5,5,6,5.2,5,6,6,5.67,5,3,4,4,5,4.25,5,5,5,5,5,3,4.6,7,2,6,7,6,6,6.4,5,5,6,2,6,5.5,7,7,6,6.67,3,3,3,policy,0,2,2,32,2,0.5,0,1,0,0,0,0,,0.5,2,6,2,2,1,,1,0,no,decision making,2
70,-0.5,0,1,3,3,6,4,4,5,3,5,4,4,4,4,4,3,5,7,4,7,5.17,4,4,3,6,4,4.2,5,5,3,4.33,4,4,3,5,4,4.25,3,3,4,3,6,4,4,4,3,5,5,3,3,4,4,4,3,6,2,3.25,5,5,5,5,3,3,3,Self Employed,0,2,2,27,1,-0.5,0,0,0,1,0,0,,0.5,3,5,3,3,1,,1,0,,,2
71,-0.5,0,1,7,7,7,1,7,1,7,7,7,1,7,1,7,5,3,7,7,7,6.33,7,7,7,4,7,6.4,1,5,1,2.33,1,1,7,1,1,1,1,1,1,1,1,1,1,7,1,7,7,7,4,6.4,1,1,1,7,1,1,5,5,6,5.33,3,3,3,service,0,2,2,22,1,-0.5,1,0,0,0,0,0,,0.5,4,4,4,4,3,,1,0,no,unsure,2
72,-0.5,0,1,5,6,6,3,5,7,1,5,4.67,5,3,7,1,6,2,2,6,4,3,5,6,7,3,6,5.4,1,6,5,4,5,4,4,4,6,4.75,6,2,5,6,5,6,4.8,1,2,6,5,5,6,4.6,5,5,5,4,4,4.75,1,4,4,3,3,3,3,Hospitality,0,2,2,33,1,-0.5,0,0,1,0,0,0,,-0.5,6,2,6,6,3,,1,0,None,Bias study,2
73,-0.5,0,1,6,6,5,2,6,5,3,6,5.33,2,6,3,5,3,5,7,7,7,6.17,6,4,6,3,1,4,5,6,5,5.33,5,5,3,5,5,5,6,2,2,5,2,2,2.6,6,2,6,6,6,6,6,3,5,5,3,5,4.5,5,5,5,5,3,3,3,customer service rep,0,2,1,31,1,-0.5,0,0,1,0,0,0,,-0.5,1,7,1,1,1,,1,0,,,2
74,-0.5,0,1,5,7,7,1,7,4,4,7,6.17,3,5,1,7,5,3,7,7,5,5.67,7,5,7,3,6,5.6,7,5,3,5,7,7,1,7,7,7,4,7,7,7,7,7,7,5,3,5,5,6,5,5.2,7,7,7,1,7,7,5,5,4,4.67,2,3,3,homemaker,0,2,1,42,2,0.5,0,0,1,0,0,0,,-0.5,6,6,2,4,3,,1,0,This was interesting. Thanks for letting me participate.,To study attitudes towards implicit bias.,2
75,-0.5,0,1,5,6,6,2,6,4,4,6,5.5,5,3,5,3,6,2,6,6,4,4,7,6,7,6,5,6.2,4,5,5,4.67,5,5,5,3,4,4.25,5,7,5,5,5,6,5.6,7,2,6,7,6,7,6.6,5,3,5,5,3,4,6,6,7,6.33,3,3,3,Homemaker,0,1,2,27,2,0.5,0,0,1,0,0,0,,-0.5,2,6,2,2,1,,1,0,,To see how people feel about biases.,2
76,-0.5,0,1,6,4,5,4,4,4,4,5,4.67,4,4,5,3,7,1,5,4,4,3.5,4,3,4,5,6,4.4,4,6,3,4.33,5,6,4,4,2,4.25,5,4,5,5,4,4,4.4,6,4,4,6,5,4,5,3,4,4,5,3,3.5,3,5,5,4.33,3,3,3,cad tech,0,1,1,33,1,-0.5,0,1,0,0,0,0,,0.5,5,4,4,4.5,2,,1,0,thank you,bias,2
77,-0.5,0,1,5,5,6,2,6,5,3,6,5.17,3,5,3,5,5,3,5,6,5,4.83,6,4,6,4,2,4.4,3,5,3,3.67,3,3,5,3,3,3,2,2,2,2,2,2,2,5,2,6,6,6,5,5.6,2,2,2,6,2,2,5,5,5,5,3,3,3,Support,0,2,2,39,2,0.5,0,0,1,0,0,0,,-0.5,5,5,3,4,1,,1,0,none,To see if your own biases made an impact on your answers.,2
78,-0.5,0,1,5,6,7,1,7,5,3,6,5.67,3,5,6,2,7,1,7,7,7,4.83,7,7,7,5,7,6.6,7,7,6,6.67,5,3,7,1,5,3.5,7,7,6,7,6,1,5.4,7,1,7,7,7,6,6.8,7,7,1,1,7,5.5,7,6,7,6.67,3,3,3,manager,0,2,2,46,2,0.5,0,0,1,0,0,0,,-0.5,4,4,4,4,3,,1,0,no,implicit bias,2
79,-0.5,0,1,7,6,6,1,7,1,7,7,6.67,3,5,5,3,6,2,7,7,7,5.17,7,7,7,6,7,6.8,7,7,7,7,2,2,6,2,2,2,6,2,2,1,1,1,1.4,6,1,7,7,7,6,6.6,2,2,2,6,2,2,7,7,7,7,3,3,3,local gvt clerk,0,2,1,53,2,0.5,0,0,1,0,0,0,,-0.5,1,7,1,1,1,,1,0,i'm a lesbian. i have experienced bias every time i go to a doctor,noidea,2
80,-0.5,0,1,5,6,7,2,6,3,5,5,5.67,2,6,3,5,4,4,6,6,6,5.5,5,6,6,4,6,5.4,5,5,4,4.67,5,5,4,4,5,4.75,5,5,5,5,6,3,4.8,5,2,6,5,5,5,5.2,5,5,5,3,5,5,6,6,6,6,3,3,3,homemaker,0,2,2,32,2,0.5,0,0,1,0,0,0,,-0.5,6,1,7,6.5,2,,1,0,,Thoughts on politics and bias,2
81,-0.5,0,1,4,4,6,4,4,5,3,6,4.5,5,3,5,3,5,3,4,4,4,3.5,5,5,5,5,2,4.4,5,4,4,4.33,5,5,3,5,5,5,6,6,4,6,5,3,4.8,6,2,6,6,6,6,6,4,4,4,4,4,4,5,5,5,5,3,3,3,independent contractor,0,2,2,33,2,0.5,0,0,1,0,0,0,,-0.5,1,7,1,1,1,,1,0,,bias,2
82,-0.5,0,1,4,5,4,3,5,3,5,5,4.67,4,4,4,4,5,3,5,5,4,4.17,5,4,5,2,4,4,4,4,5,4.33,4,1,4,4,4,3.25,2,4,4,4,4,4,4,5,2,6,5,4,5,5,3,3,3,4,4,3.25,1,4,4,3,3,3,3,Account Director,0,1,2,42,1,-0.5,0,0,1,0,0,0,,-0.5,2,2,6,4,3,,1,0,no,not sure,2
83,-0.5,0,1,5,4,4,3,5,3,5,3,4.33,4,4,3,5,3,5,3,4,4,4.17,3,3,3,3,4,3.2,3,4,3,3.33,3,3,3,5,4,3.75,3,4,4,4,3,4,3.8,3,3,5,3,2,4,3.4,3,3,4,3,5,3.75,3,3,3,3,3,3,3,art,0,2,2,28,1,-0.5,0,0,1,0,0,0,,-0.5,3,5,3,3,1,,1,0,no,ideoogical bias,2
84,-0.5,0,1,6,6,6,2,6,2,6,4,5.67,2,6,5,3,5,3,6,6,6,5,6,6,6,6,4,5.6,3,6,5,4.67,6,6,4,4,4,5,5,6,6,2,6,6,5.2,6,2,6,6,6,6,6,5,2,5,4,4,4,6,6,6,6,1,3,3,Host,0,2,1,21,1,-0.5,1,0,0,0,0,0,,0.5,3,5,3,3,1,,1,0,The study was straightforward and easy to follow,To understand how we view biases,2
85,-0.5,0,1,6,7,7,2,6,2,6,7,6.5,5,3,5,3,6,2,6,6,4,4,7,7,6,4,4,5.6,5,7,4,5.33,1,1,7,1,1,1,1,2,1,4,1,1,1.8,7,1,7,7,7,7,7,1,1,1,6,2,1.25,4,6,6,5.33,3,3,3,tradesman,0,2,2,30,1,-0.5,0,0,1,0,0,0,,-0.5,2,6,2,2,3,,1,0,nope,no idea.,3
86,-0.5,0,1,5,5,5,6,2,3,5,5,4.5,5,3,5,3,5,3,6,5,6,4.33,5,3,5,3,3,3.8,4,6,3,4.33,5,5,3,5,5,5,3,2,2,2,2,2,2,7,3,5,7,5,7,6.2,6,5,6,2,6,5.75,6,6,6,6,3,3,3,bartender,0,2,2,62,1,-0.5,0,0,1,0,0,0,,-0.5,6,3,5,5.5,3,,1,0,no,I don't know,2
87,-0.5,0,1,6,7,7,2,6,3,5,7,6.33,3,5,5,3,6,2,7,6,1,4,7,6,7,2,3,5,2,6,2,3.33,6,5,3,5,6,5.5,6,7,7,7,6,5,6.4,7,1,7,7,7,7,7,3,3,3,5,3,3,2,6,6,4.67,3,3,3,Facilities Manager,0,1,2,52,2,0.5,0,0,1,0,0,0,,-0.5,2,7,1,1.5,1,,1,0,Thank you for using Mturk.,I think it was to make people more aware of subtle bias and how it may effect how they deal with people.,2
88,-0.5,0,1,4,5,5,6,2,3,5,5,4.33,5,3,5,3,5,3,4,5,4,3.67,6,6,6,5,6,5.8,5,5,6,5.33,4,2,3,5,3,3.5,3,3,3,3,4,3,3.2,3,2,6,5,4,4,4.4,2,3,3,2,6,3.5,6,5,6,5.67,3,3,3,scientific researcher,0,2,2,27,2,0.5,0,1,0,0,0,0,,0.5,4,4,4,4,3,,1,0,,,2
89,-0.5,0,1,7,7,7,1,7,1,7,7,7,1,7,1,7,1,7,7,7,7,7,6,3,7,3,3,4.4,5,7,5,5.67,2,1,1,7,1,2.75,1,4,4,4,4,4,4,7,1,7,7,7,7,7,1,1,1,7,1,1,7,7,5,6.33,1,3,3,Attorney,0,2,2,37,1,-0.5,0,0,1,0,0,0,,-0.5,6,2,6,6,2,,1,0,N/A,Perceptions about political bias,2
90,-0.5,0,1,4,5,3,3,5,3,5,5,4.5,6,2,4,4,1,7,3,3,4,3.83,2,5,5,4,3,3.8,5,5,3,4.33,4,3,5,3,6,4,6,5,5,7,5,3,5,2,4,4,6,5,4,4.2,3,6,4,2,6,4.75,3,5,5,4.33,1,2,4,employee,0,2,2,32,1,-0.5,0,0,1,0,0,0,,-0.5,5,7,1,3,1,,1,0,no,i dont know,2
91,-0.5,0,1,5,5,6,3,5,4,4,6,5.17,4,4,5,3,5,3,4,4,4,3.67,5,4,5,3,3,4,3,5,4,4,6,4,4,4,6,5,4,5,2,3,3,3,3.2,6,3,5,5,5,5,5.2,5,2,4,4,4,3.75,5,5,4,4.67,3,3,3,Painter,0,1,2,24,1,-0.5,0,0,1,0,0,0,,-0.5,5,4,4,4.5,3,,1,0,,What I think of bias.,3
92,-0.5,0,1,3,4,3,3,5,4,4,5,4,4,4,3,5,5,3,4,5,5,4.33,5,4,3,3,3,3.6,4,4,5,4.33,3,4,4,4,3,3.5,4,5,4,3,4,4,4,3,3,5,3,3,4,3.6,4,3,5,4,4,4,5,4,5,4.67,1,1,3,programmer,0,2,2,25,1,-0.5,0,0,1,0,0,0,,-0.5,4,4,4,4,2,,2,0,,,2
93,-0.5,0,1,4,6,6,4,4,4,4,6,5,5,3,5,3,6,2,6,5,4,3.83,6,5,6,4,5,5.2,2,6,4,4,5,4,5,3,2,3.5,6,1,1,1,1,1,1,7,1,7,7,7,7,7,4,2,4,3,5,3.75,7,7,4,6,3,3,3,Library associate,0,1,2,42,2,0.5,0,0,1,0,0,0,,-0.5,1,7,1,1,4,socialist,1,0,"The IAT is a rotten test.  It measures training, not bias.",you tell me.,3
94,-0.5,0,1,4,4,5,2,6,3,5,6,5,5,3,5,3,6,2,6,6,3,3.83,5,2,5,3,2,3.4,1,2,2,1.67,6,6,5,3,5,5,5,3,5,6,3,3,4,6,2,6,6,6,5,5.8,5,6,6,2,6,5.75,6,6,6,6,3,3,3,Retired,0,1,2,61,1,-0.5,0,0,1,0,0,0,,-0.5,2,6,2,2,1,,1,0,None,Implicit bias,2
95,-0.5,0,1,6,7,5,2,6,2,6,6,6,5,3,5,3,5,3,7,7,7,5,6,5,6,2,2,4.2,3,5,5,4.33,2,2,7,1,2,1.75,1,1,1,1,1,1,1,7,1,7,7,7,7,7,1,5,5,1,7,4.5,7,7,7,7,3,3,3,mom,0,1,2,32,2,0.5,0,0,1,0,1,0,,0.5,1,7,1,1,3,,1,0,thank you,how bias affects judgment,3
96,-0.5,0,1,5,5,7,3,5,5,3,7,5.33,5,3,4,4,5,3,4,3,4,3.5,3,1,4,4,1,2.6,1,1,1,1,4,5,2,6,4,4.75,1,7,5,7,7,5,6.2,4,4,4,4,3,3,3.6,6,1,1,4,4,3,7,7,3,5.67,3,3,3,restaurant manager,0,2,2,52,2,0.5,0,0,1,0,0,0,,-0.5,7,1,7,7,2,,1,0,Isn't it more likely that doctors were biased against marijuana users because it is a health issue? Whereas gun ownership is not related to body health.,Seeing bias everywhere instead of seeing obvious facts.,2
97,-0.5,0,1,1,1,6,1,7,1,7,1,3.83,7,1,7,1,7,1,1,1,1,1,7,4,1,1,1,2.8,4,1,1,2,1,1,7,1,1,1,1,1,1,1,1,1,1,7,1,7,7,7,1,5.8,1,1,1,7,1,1,7,7,4,6,3,3,3,Virtual Assistant,0,1,2,24,2,0.5,1,0,0,0,0,0,,0.5,4,4,4,4,1,,1,0,,,2
98,-0.5,0,1,5,3,4,5,3,6,2,5,3.67,5,3,3,5,6,2,4,5,2,3.5,5,4,3,6,5,4.6,4,5,3,4,5,5,3,5,4,4.75,5,4,3,5,4,3,3.8,4,5,3,5,4,2,3.6,7,4,5,5,3,4.75,7,3,6,5.33,3,3,3,IT Specialist,0,2,2,21,1,-0.5,0,0,1,0,0,0,,-0.5,6,3,5,5.5,2,,1,0,N/A.,To gauge people's reactions/responses to doctor's treatments/bias'.,2
99,-0.5,0,1,1,2,4,2,6,5,3,5,3.5,3,5,4,4,4,4,5,3,3,4,3,4,6,2,1,3.2,6,2,4,4,3,2,3,5,5,3.75,4,5,2,2,2,2,2.6,7,3,5,2,3,1,3.6,5,2,3,3,5,3.75,4,3,2,3,2,2,3,Student,0,2,2,19,1,-0.5,0,0,1,0,0,0,,-0.5,1,6,2,1.5,3,,1,0,,,2
100,-0.5,0,1,3,3,4,4,4,4,4,4,3.67,4,4,4,4,4,4,4,4,4,4,3,2,3,3,1,2.4,2,3,3,2.67,4,5,4,4,4,4.25,4,4,4,3,4,4,3.8,4,4,4,4,4,4,4,4,3,3,5,3,3.25,4,4,4,4,3,3,4,Parent,0,2,2,29,2,0.5,0,0,1,0,0,0,,-0.5,2,2,6,4,1,,2,0,"The article did not appear and when I right clicked on the broken picture thingy it to view it, it pulled up a window that said: ""Amazon S3 is Down""",Unsure,2
101,-0.5,0,1,4,5,5,5,3,5,3,5,4.17,5,3,5,3,5,3,5,5,5,4,5,4,4,4,4,4.2,4,3,3,3.33,4,2,6,2,4,3,2,2,3,3,2,2,2.4,3,2,6,6,5,6,5.2,2,2,4,6,2,2.5,6,6,6,6,3,3,3,clerical support,0,2,1,56,2,0.5,0,0,1,0,0,0,,-0.5,1,7,1,1,1,,1,0,very interesting study.,To see how people are biased towards groups,2
102,-0.5,0,1,6,6,6,2,6,3,5,6,5.83,3,5,3,5,6,2,7,5,3,4.5,7,6,6,4,3,5.2,5,6,5,5.33,5,5,2,6,5,5.25,6,5,5,6,5,5,5.2,7,1,7,7,7,7,7,6,6,6,2,6,6,6,6,6,6,2,3,3,Marketing account coordinator,0,2,2,27,2,0.5,0,0,1,0,0,0,,-0.5,2,6,2,2,1,,1,0,,,2
103,-0.5,0,1,7,7,7,1,7,3,5,7,6.67,1,7,1,7,4,4,7,7,7,6.5,7,7,7,6,4,6.2,4,7,7,6,5,5,3,5,4,4.75,4,7,6,6,4,4,5.4,7,2,6,7,7,7,6.8,5,4,5,4,4,4.5,6,6,6,6,3,3,3,Timber Buyer,0,1,1,58,2,0.5,0,0,1,0,0,0,,-0.5,2,6,2,2,1,,1,0,no,Political Bias in people.,2
104,-0.5,0,1,6,7,7,1,7,2,6,7,6.67,5,3,5,3,7,1,7,5,2,3.5,7,6,7,2,2,4.8,2,7,3,4,7,7,1,7,7,7,7,1,5,4,5,4,3.8,4,1,7,6,7,6,6,6,3,5,1,7,5.25,6,6,7,6.33,3,3,3,Manufacturing Incense,0,2,2,26,2,0.5,1,0,0,0,0,0,,0.5,2,5,3,2.5,1,,1,0,,,2
105,-0.5,0,1,4,4,4,6,2,6,2,4,3.33,6,2,2,6,2,6,7,6,4,5.17,6,6,6,6,7,6.2,6,6,4,5.33,1,1,7,1,1,1,1,7,7,2,6,2,4.8,6,1,7,5,6,6,6,6,6,2,7,1,3.75,2,6,7,5,3,2,4,mturk,0,2,2,25,1,-0.5,0,0,0,1,0,0,,0.5,2,6,2,2,1,,1,0,no issues,Information & Opinions,2
106,-0.5,0,1,7,6,7,1,7,7,1,7,5.83,5,3,3,5,3,5,6,7,7,5.5,6,6,6,6,6,6,7,7,7,7,4,6,3,5,4,4.75,4,5,4,4,4,4,4.2,4,4,4,4,4,4,4,4,4,5,4,4,4.25,5,5,5,5,3,3,3,Accounts Payable,0,2,1,27,1,-0.5,0,0,1,0,0,0,,-0.5,5,6,2,3.5,3,,1,0,No,People's reactions toward the implicit biases of doctors,2
107,-0.5,0,1,5,5,5,3,5,2,6,6,5.33,2,6,2,6,6,2,6,7,6,5.5,7,6,7,4,2,5.2,3,5,4,4,5,5,5,3,5,4.5,3,5,6,5,3,3,4.4,7,3,5,7,7,7,6.6,6,6,6,3,5,5.75,2,4,4,3.33,3,3,3,Employed- Office Assistant,0,2,2,28,1,-0.5,0,0,1,0,0,0,,-0.5,3,5,3,3,1,,1,0,Makes me feel like an awful person for admitting.,about bias,2
108,-0.5,0,1,4,4,4,4,4,7,1,5,3.67,6,2,5,3,6,2,2,5,2,2.67,5,5,5,5,5,5,1,1,1,1,1,1,5,3,1,1.5,1,4,4,1,3,5,3.4,4,1,7,7,3,4,5,1,1,1,5,3,1.5,1,1,1,1,3,3,4,supervisor,0,2,2,40,2,0.5,0,0,1,0,0,0,,-0.5,7,1,7,7,2,,1,0,no,biases,2
109,-0.5,0,1,7,6,7,1,7,2,6,7,6.67,2,6,1,7,1,7,7,7,7,6.83,6,6,6,7,6,6.2,5,6,6,5.67,5,1,1,7,5,4.5,2,5,3,6,5,3,4.4,6,2,6,7,6,6,6.2,2,3,2,6,2,2.25,6,6,5,5.67,3,3,3,Financial Advisor,0,2,2,26,1,-0.5,0,0,1,0,0,0,,-0.5,3,6,2,2.5,1,,1,0,Unique study,How biases affect our opinions of caretakers in society,2
110,-0.5,0,1,5,5,5,3,5,4,4,5,4.83,5,3,5,3,4,4,4,3,4,3.5,6,2,4,3,3,3.6,4,4,3,3.67,5,4,5,3,5,4.25,7,7,5,3,5,4,4.8,7,3,5,7,6,7,6.4,3,4,5,4,4,4,5,5,6,5.33,1,3,3,Administrative Assistant,0,2,1,33,2,0.5,0,0,1,0,0,0,,-0.5,2,6,2,2,1,,1,0,No,I have no idea,3
111,-0.5,0,1,6,5,6,2,6,2,6,6,5.83,3,5,2,6,2,6,6,5,6,5.67,6,5,6,6,5,5.6,4,5,3,4,5,6,2,6,5,5.5,5,6,5,4,6,6,5.4,4,3,5,5,5,3,4.4,6,5,3,3,5,4.75,6,5,6,5.67,3,3,3,Unemployed,0,2,2,26,1,-0.5,0,0,1,0,0,0,,-0.5,5,2,6,5.5,2,,1,0,,Not sure,2
112,-0.5,0,1,6,6,6,4,4,3,5,6,5.5,2,6,2,6,3,5,6,5,6,5.67,7,4,7,6,4,5.6,2,6,6,4.67,5,5,5,3,1,3.5,5,2,5,6,2,2,3.4,7,1,7,7,7,7,7,3,2,4,3,5,3.5,6,6,7,6.33,3,3,3,childcare,0,2,2,44,2,0.5,0,0,1,0,0,0,,-0.5,1,7,1,1,1,,1,0,,how we feel about implicit bias,2
113,-0.5,0,1,7,7,7,1,7,1,7,7,7,2,6,2,6,2,6,6,6,6,6,7,7,7,6,7,6.8,7,7,7,7,3,4,4,4,4,3.75,4,4,3,4,5,3,3.8,6,1,7,6,6,6,6.2,4,4,4,4,4,4,5,5,5,5,3,3,3,scientist,0,2,2,46,1,-0.5,0,1,0,0,0,0,,0.5,4,4,4,4,3,,1,0,no,opinion,2
114,-0.5,0,1,2,5,4,5,3,7,1,7,3.67,6,2,5,3,5,3,3,5,4,3.33,5,5,5,1,2,3.6,5,5,3,4.33,7,7,5,3,5,5.5,5,4,7,1,1,1,2.8,7,1,7,7,7,1,5.8,3,2,2,5,3,2.5,5,5,5,5,3,3,3,Education and trainer,0,1,2,45,2,0.5,0,0,1,0,0,0,,-0.5,6,3,5,5.5,2,,1,0,No,Political and implicit bias and my impression of the Yale university's article.,2
115,-0.5,0,1,4,6,5,2,6,6,2,6,4.83,4,4,3,5,3,5,6,5,7,5.33,7,6,6,5,6,6,4,5,5,4.67,5,5,3,5,6,5.25,4,5,5,3,5,3,4.2,5,3,5,4,5,6,5,5,2,5,5,3,3.75,5,5,5,5,3,3,3,IT,0,1,2,29,1,-0.5,0,0,1,0,0,0,,-0.5,7,5,3,5,3,,1,0,no,My opinion on whether people show bias,2
116,-0.5,0,1,6,7,7,2,6,1,7,7,6.67,5,3,5,3,5,3,7,7,6,4.83,7,4,7,7,5,6,7,5,6,6,3,4,6,2,5,3.5,2,1,1,1,1,1,1,7,1,7,7,7,7,7,2,1,1,5,3,1.75,7,7,6,6.67,3,3,3,Technical Manager,0,2,2,53,1,-0.5,0,0,1,0,0,0,,-0.5,3,5,3,3,3,,1,0,Thank you.,Perceptions of political bias and how it impacts people's actions.,2
117,-0.5,0,1,7,7,7,1,7,1,7,7,7,2,6,5,3,6,2,7,6,7,5.17,7,7,7,7,7,7,7,7,7,7,2,2,6,2,2,2,7,1,1,2,1,1,1.2,4,1,7,4,7,4,5.2,2,2,2,7,1,1.75,6,5,6,5.67,3,3,3,manager,0,2,2,31,2,0.5,0,0,1,0,0,0,,-0.5,4,4,4,4,3,,1,0,,,2
118,-0.5,0,1,3,5,5,5,3,5,3,5,4,5,3,5,3,5,3,5,5,3,3.67,6,3,6,2,2,3.8,2,2,2,2,5,5,5,3,3,4,6,2,2,2,2,2,2,5,2,6,3,6,5,5,2,2,2,5,3,2.25,3,3,4,3.33,3,3,3,retired,0,2,1,64,1,-0.5,0,0,1,0,0,0,,-0.5,2,6,2,2,1,,1,0,no comments,personal bias,2
119,-0.5,0,1,3,5,5,3,5,6,2,5,4.17,6,2,6,2,6,2,3,3,3,2.5,3,1,5,1,1,2.2,1,2,1,1.33,6,6,2,6,3,5.25,5,3,3,5,2,2,3,6,2,6,6,7,7,6.4,5,5,5,5,3,4.5,6,6,6,6,3,3,3,HOSPITAL REGISTRAR,0,1,2,46,2,0.5,0,0,1,0,0,0,,-0.5,2,5,3,2.5,3,,1,0,,SEEING IF OUR ANSWERS WERE CONSISTENT ABOUT THE DOCTOR AND THEN ABOUT OURSELVES.,2
120,-0.5,0,1,5,7,7,5,3,3,5,7,5.67,1,7,1,7,6,2,7,6,3,5.33,7,7,7,2,6,5.8,4,7,5,5.33,2,3,2,6,2,3.25,5,1,1,2,1,1,1.2,6,1,7,7,7,7,6.8,3,2,7,6,2,3.5,7,7,7,7,3,3,3,Freelance crowdsource worker,0,2,2,42,2,0.5,1,0,0,0,0,0,,0.5,2,6,2,2,1,,1,0,No,Assessing knowledge and awareness of implicit biases,2
121,-0.5,0,1,3,7,7,3,5,1,7,5,5.67,5,3,3,5,5,3,3,5,1,3.33,7,5,6,5,3,5.2,1,5,3,3,3,3,3,5,3,3.5,5,2,3,3,3,1,2.4,6,1,7,6,5,5,5.8,2,5,5,3,5,4.25,6,6,6,6,3,3,3,Disabled nurse,1,2,1,53,2,0.5,0,0,1,0,0,0,,-0.5,2,6,2,2,1,,1,0,The article was fascinating,To determine if participants are aware of implicit bias,2
122,-0.5,0,1,6,7,7,1,7,1,7,7,6.83,1,7,3,5,4,4,7,7,7,6.17,7,7,7,7,7,7,4,7,5,5.33,1,1,7,1,1,1,5,1,1,2,1,1,1.2,7,1,7,7,7,7,7,1,1,1,7,1,1,7,7,7,7,3,3,3,Business Associate,0,2,2,24,1,-0.5,0,0,1,0,0,0,,-0.5,5,5,3,4,3,,1,0,Great!,"Probably, to find out what people think about implicit bias.",2
123,-0.5,0,1,6,5,7,3,5,1,7,3,5.5,6,2,2,6,5,3,3,7,2,3.83,3,6,5,5,2,4.2,3,2,6,3.67,2,3,6,2,5,3,5,3,2,3,7,1,3.2,7,5,3,6,2,3,4.2,5,6,2,3,5,4.5,6,3,2,3.67,3,3,3,Nurse,1,1,2,28,2,0.5,0,0,0,1,0,0,,0.5,7,1,7,7,2,,1,0,No Comments.,I'm not really sure.,2
124,-0.5,0,1,5,6,6,3,5,3,5,7,5.67,2,6,2,6,5,3,6,5,6,5.33,6,6,6,6,5,5.8,6,6,6,6,5,5,7,1,3,3.5,6,4,4,3,3,3,3.4,7,6,2,6,6,6,5.4,5,5,5,3,5,5,6,6,6,6,3,3,3,cashier,0,2,2,30,2,0.5,0,0,1,0,0,0,,-0.5,1,7,1,1,1,,1,0,,,3
125,-0.5,0,1,3,4,4,2,6,3,5,3,4.17,6,2,6,2,6,2,2,2,2,2,6,2,6,2,2,3.6,2,2,2,2,6,6,2,6,6,6,4,2,3,2,2,2,2.2,3,3,5,2,2,2,2.8,3,3,2,5,3,2.75,5,6,5,5.33,3,3,3,Accountant,0,2,2,34,1,-0.5,0,0,1,0,0,0,,-0.5,5,5,3,4,2,,1,0,,,2
126,-0.5,0,1,6,7,7,1,7,2,6,7,6.67,1,7,3,5,7,1,7,7,1,4.67,7,6,7,4,2,5.2,4,6,5,5,3,5,3,5,3,4,7,1,1,2,1,1,1.2,7,1,7,7,7,7,7,6,2,6,4,4,4.5,7,7,7,7,3,3,3,Bus Driver,0,2,2,32,1,-0.5,1,0,1,0,0,0,,0.5,2,6,2,2,3,,1,0,,Studying an individual's thoughts on doctor's possible implicit and explicit bias towards their patients.,3
127,-0.5,0,1,5,4,4,4,4,4,4,7,4.67,6,2,6,2,7,1,6,2,4,2.83,7,7,6,5,6,6.2,2,6,2,3.33,6,6,4,4,6,5.5,6,1,1,4,1,1,1.6,7,2,6,7,7,7,6.8,6,6,6,2,6,6,5,5,5,5,3,3,3,homemaker,0,2,2,46,2,0.5,1,0,0,0,0,0,,0.5,2,6,2,2,3,,1,0,,not sure,2
128,-0.5,0,1,7,6,7,1,7,2,6,7,6.67,3,5,3,5,3,5,7,7,7,6,6,6,6,6,6,6,7,7,7,7,2,2,6,2,2,2,4,5,6,6,5,5,5.4,7,2,6,7,7,7,6.8,2,3,3,4,4,3,6,6,6,6,3,3,3,Antique dealer,0,2,1,30,2,0.5,0,0,1,0,0,0,,-0.5,2,6,2,2,3,,1,0,No.,I'm not entirely sure.,2
129,-0.5,0,1,4,5,5,5,3,5,3,6,4.33,5,3,5,3,6,2,5,4,3,3.33,4,5,6,3,4,4.4,4,4,3,3.67,6,6,3,5,6,5.75,5,4,3,3,3,2,3,6,2,6,6,5,5,5.6,5,5,5,2,6,5.25,5,5,5,5,3,3,3,IT,0,2,2,40,1,-0.5,0,0,1,0,0,0,,-0.5,3,6,2,2.5,3,,1,1,How often does gun ownership come up in doctor visits? I'm suspicious of this article...,Dunno.,2
130,-0.5,0,1,6,5,5,3,5,5,3,7,5.17,3,5,3,5,4,4,7,5,7,5.5,5,6,6,5,6,5.6,3,6,4,4.33,6,5,3,5,5,5.25,4,7,5,5,5,3,5,7,4,4,6,5,7,5.8,5,5,5,3,5,5,6,6,6,6,3,3,3,Sales,0,1,1,35,1,-0.5,0,0,1,0,0,0,,-0.5,3,5,3,3,1,,1,0,Nope,To view bias when it occurs with professional fields.,2
131,-0.5,0,1,7,7,7,1,7,2,6,7,6.83,2,6,2,6,6,2,7,7,2,5,5,7,6,5,4,5.4,6,6,4,5.33,7,7,2,6,6,6.5,6,7,6,6,7,7,6.6,3,5,3,2,4,3,3,6,4,4,3,5,4.75,6,6,6,6,3,3,3,Retired,0,2,2,64,2,0.5,0,0,1,0,0,0,,-0.5,6,1,7,6.5,2,,1,0,None,Bias and perceptions about bias.,2
132,-0.5,0,1,6,6,6,3,5,5,3,6,5.33,5,3,5,3,5,3,6,5,6,4.33,6,6,6,6,6,6,3,6,3,4,5,5,3,5,5,5,6,5,5,2,2,2,3.2,6,2,6,2,5,6,5,5,6,5,3,5,5.25,5,5,6,5.33,3,3,3,Tutor,0,2,2,25,2,0.5,0,1,0,0,0,0,,0.5,1,6,2,1.5,1,,1,0,no,It was to see what our views on races are.,2
133,-0.5,0,1,5,6,5,3,5,4,4,6,5.17,3,5,3,5,5,3,6,5,6,5,5,5,6,4,4,4.8,5,5,3,4.33,5,5,3,5,3,4.5,5,5,5,6,5,5,5.2,5,3,5,6,5,2,4.6,6,5,5,3,5,5.25,6,5,5,5.33,3,3,3,Accountant,0,2,2,39,1,-0.5,0,0,1,0,0,0,,-0.5,3,4,4,3.5,3,,1,0,,,2
134,-0.5,0,1,2,3,5,6,2,3,5,5,3.67,5,3,5,3,5,3,3,5,2,3.17,6,3,6,2,5,4.4,2,2,2,2,5,6,5,3,2,4,6,6,5,5,3,3,4.4,6,2,6,6,6,5,5.8,5,2,5,3,5,4.25,6,6,6,6,3,3,3,substitute teacher,0,2,2,61,2,0.5,0,0,1,0,0,0,,-0.5,2,6,2,2,1,,1,0,no,see how an article about bias would affect my views of bias,2
135,-0.5,0,1,6,7,7,6,2,2,6,7,5.83,7,1,7,1,7,1,7,7,7,4,7,7,7,6,7,6.8,6,7,7,6.67,7,7,7,1,6,5.25,1,5,7,7,6,7,6.4,7,6,2,6,5,7,5.4,6,7,7,7,1,5.25,7,6,6,6.33,3,3,3,Manager,0,1,2,18,1,-0.5,0,0,0,1,0,0,,0.5,7,2,6,6.5,2,,1,0,,Learn about bias based on politics,2
136,-0.5,0,1,4,6,3,3,5,6,2,4,4,4,4,5,3,3,5,4,5,3,4,4,5,6,4,3,4.4,4,4,3,3.67,5,6,4,4,2,4.25,3,3,5,2,3,1,2.8,2,5,3,5,5,4,3.8,3,2,6,4,4,3.75,5,4,3,4,3,3,3,Accountant,0,2,2,29,1,-0.5,0,0,1,0,0,0,,-0.5,6,3,5,5.5,2,,1,0,no,not sure,2
137,-0.5,0,1,7,7,7,7,1,3,5,6,5.5,1,7,1,7,1,7,7,7,7,7,7,7,7,7,7,7,6,7,7,6.67,4,4,4,4,4,4,4,5,4,5,5,5,4.8,4,4,4,4,5,4,4.2,4,4,4,4,4,4,5,5,5,5,3,3,3,paralegal,0,2,2,43,2,0.5,0,0,1,0,0,0,,-0.5,6,1,7,6.5,3,,1,0,Very important survey!,implicit bias,3
138,-0.5,0,1,4,6,5,5,3,6,2,4,4,5,3,6,2,4,4,6,5,6,4.33,6,4,4,5,5,4.8,3,5,5,4.33,4,6,6,2,4,4,5,5,5,5,4,5,4.8,6,4,4,4,6,6,5.2,4,4,6,5,3,4.25,6,5,5,5.33,3,3,3,mechanical engineer,0,2,2,24,1,-0.5,1,0,0,0,0,0,,0.5,2,6,2,2,1,,1,0,no,the purpose was to know what people thought about an article,2
139,-0.5,0,1,4,5,6,4,4,3,5,6,5,2,6,3,5,4,4,6,6,6,5.5,6,5,6,3,4,4.8,4,5,4,4.33,6,5,3,5,6,5.5,6,4,4,5,5,3,4.2,6,2,6,6,6,6,6,5,3,5,4,4,4.25,5,5,6,5.33,3,3,3,admin asst,0,2,2,31,2,0.5,0,0,0,0,1,0,,0.5,2,6,2,2,3,,1,0,none,to understand the general publics view on bias and whether on not there should be repercussions,2
140,-0.5,0,1,4,5,5,3,5,3,5,5,4.83,5,3,5,3,5,3,6,6,6,4.5,6,5,6,5,6,5.6,5,5,5,5,5,5,3,5,2,4.25,5,4,3,4,2,2,3,6,2,6,6,6,6,6,5,5,5,5,3,4.5,5,5,6,5.33,1,3,3,writer/editor,0,2,2,51,2,0.5,0,0,1,0,0,0,,-0.5,1,7,1,1,1,,1,0,no,Finding out what we think about bias and judging people on how biased they are,2
141,-0.5,0,1,5,6,5,4,4,4,4,6,5,4,4,5,3,5,3,6,5,5,4.33,5,4,5,4,5,4.6,4,4,3,3.67,5,5,3,5,4,4.75,6,4,5,5,4,4,4.4,6,1,7,6,7,6,6.4,5,4,5,4,4,4.5,5,5,5,5,3,3,3,data entry,0,2,3,32,2,0.5,0,0,1,1,0,0,,0.5,1,7,1,1,1,,1,0,no,biases,3
142,-0.5,0,1,3,6,4,5,3,5,3,6,4.17,5,3,6,2,6,2,3,4,2,2.67,5,4,7,3,2,4.2,3,4,4,3.67,6,3,5,3,5,4.25,5,1,5,3,3,2,2.8,6,1,7,7,6,6,6.4,3,2,4,4,4,3.25,5,6,6,5.67,3,3,3,Graphic Designer,0,2,2,29,1,-0.5,0,0,1,0,0,0,,-0.5,2,7,1,1.5,1,,1,0,Not at the moment.,To see if people believe it is okay for doctors to act in a biased matter if they themselves do so.,2
143,-0.5,0,1,7,7,7,1,7,6,2,7,6.17,5,3,2,6,6,2,7,7,7,5.33,7,7,7,7,7,7,6,7,5,6,6,6,5,3,6,5.25,6,7,7,6,7,2,5.8,7,2,6,7,7,7,6.8,6,7,7,2,6,6.5,3,5,4,4,3,3,3,Specimen Processor,0,2,1,33,2,0.5,0,0,1,0,0,0,,-0.5,2,6,2,2,1,,1,0,,I think the purpose of this study was to raise awareness of political bias in the medical field.,2
144,-0.5,0,1,4,3,3,4,4,5,3,5,3.67,3,5,3,5,2,6,5,3,3,4.5,5,3,6,3,5,4.4,3,2,5,3.33,3,5,2,6,5,4.75,3,2,5,4,5,2,3.6,5,4,4,2,2,4,3.4,2,2,4,5,3,2.75,3,2,3,2.67,1,3,1,retail,0,2,2,24,1,-0.5,0,0,1,0,0,0,,-0.5,4,4,4,4,3,,1,0,,,2
145,-0.5,0,1,5,5,2,3,5,2,6,6,4.83,3,5,5,3,6,2,6,6,3,4.17,6,5,7,3,5,5.2,3,6,5,4.67,5,6,3,5,3,4.75,7,3,2,5,5,3,3.6,7,1,7,7,7,7,7,6,7,7,2,6,6.5,7,7,7,7,3,3,3,social work student,0,2,1,27,2,0.5,0,1,0,0,0,0,,0.5,2,7,1,1.5,1,,1,0,interesting side articles on the screenshot,to find out attitudes about implicit bias and political party,2
146,-0.5,0,1,4,7,4,2,6,6,2,6,4.83,4,4,4,4,4,4,6,4,6,4.67,1,1,1,1,2,1.2,1,1,1,1,2,1,6,2,1,1.5,1,1,1,1,1,1,1,6,1,7,6,6,4,5.8,2,1,1,7,1,1.25,5,5,1,3.67,3,3,3,Tennis Teaching Professional,0,1,1,31,1,-0.5,0,0,1,0,0,0,,-0.5,4,4,4,4,3,,1,0,None.,Bias based on political ideology.,2
147,-0.5,0,1,6,5,5,2,6,5,3,2,4.5,5,3,4,4,5,3,5,4,3,3.67,6,6,5,4,5,5.2,5,5,6,5.33,6,5,6,2,5,4.5,5,5,5,5,5,2,4.4,5,6,2,3,6,5,4.2,4,5,5,5,3,4.25,2,5,3,3.33,2,2,3,IT,0,1,2,30,1,-0.5,0,0,1,0,0,0,,-0.5,6,5,3,4.5,2,,1,0,,,2
148,-0.5,0,1,6,6,7,2,6,3,5,5,5.83,3,5,2,6,2,6,7,6,6,6,5,5,4,6,7,5.4,5,5,6,5.33,2,2,5,3,2,2.25,3,6,4,4,4,3,4.2,6,1,7,7,7,6,6.6,4,2,5,4,4,3.75,6,5,5,5.33,3,3,3,Admin,0,1,2,27,2,0.5,0,1,0,0,0,0,,0.5,1,6,2,1.5,1,,1,0,,,2
149,-0.5,0,1,6,4,3,5,3,5,3,5,4,5,3,4,4,5,3,5,6,5,4.33,4,5,5,5,6,5,6,5,5,5.33,6,5,5,3,4,4.5,5,6,5,5,4,4,4.8,5,5,3,4,5,4,4.2,5,6,4,5,3,4.5,5,5,6,5.33,3,3,3,manager,0,2,2,32,1,-0.5,0,0,1,0,0,0,,-0.5,3,5,3,3,1,,1,0,no,decision making,2
150,-0.5,0,1,6,5,5,7,1,3,5,6,4.67,6,2,4,4,7,1,6,5,3,3.5,2,5,6,6,5,4.8,5,5,2,4,5,5,6,2,3,3.75,6,6,5,6,5,2,4.8,2,6,2,5,6,7,4.4,2,5,5,7,1,3.25,6,3,5,4.67,3,3,3,Manager,0,2,2,32,1,-0.5,0,0,0,0,1,0,,0.5,6,6,2,4,1,,1,0,,,2
151,-0.5,0,1,6,6,6,2,6,3,5,7,6,6,2,6,2,6,2,6,6,6,4,6,4,7,4,6,5.4,4,4,4,4,4,4,4,4,5,4.25,4,6,5,5,5,5,5.2,5,3,5,4,5,4,4.6,5,5,5,2,6,5.25,5,5,5,5,3,3,3,Finance Operations Associate,0,1,2,57,2,0.5,0,1,0,0,0,0,,0.5,5,3,5,5,2,,1,0,no,implicit bias,2
152,-0.5,0,1,3,4,6,5,3,4,4,6,4.33,6,2,6,2,6,2,6,5,3,3.33,6,2,6,2,2,3.6,2,4,2,2.67,6,6,2,6,6,6,5,6,6,5,6,6,5.8,6,5,3,4,5,4,4.4,6,4,6,2,6,5.5,6,6,6,6,3,3,3,Retired,0,1,1,66,1,-0.5,0,0,1,0,0,0,,-0.5,6,1,7,6.5,2,,1,0,,I don't know.,2
153,-0.5,0,1,5,5,5,2,6,3,5,2,4.67,3,5,3,5,3,5,5,5,3,4.67,6,6,6,6,6,6,5,5,4,4.67,3,3,5,3,3,3,3,3,2,3,3,2,2.6,5,3,5,5,5,5,5,3,3,3,5,3,3,4,4,5,4.33,3,3,3,sales clerk,0,2,2,29,2,0.5,1,0,0,0,0,0,,0.5,3,5,3,3,1,,1,0,no,unsure,2
154,-0.5,0,1,7,7,7,1,7,1,7,7,7,1,7,1,7,1,7,7,7,7,7,7,7,7,7,7,7,7,7,7,7,1,1,7,1,1,1,4,4,2,6,4,2,3.6,7,2,6,6,7,6,6.4,1,1,2,3,5,2.25,7,7,7,7,3,3,3,CA Rep,0,2,1,33,1,-0.5,0,0,1,0,0,0,,-0.5,2,5,3,2.5,4,moralist,1,0,nope,judge our bias,2
155,0.5,1,0,4,3,5,5,3,5,3,6,4,5,3,5,3,5,3,4,5,5,3.83,4,4,5,4,5,4.4,4,5,4,4.33,6,6,5,3,5,5,4,5,4,5,5,4,4.6,6,2,6,6,5,5,5.6,5,3,5,2,6,4.75,7,6,6,6.33,3,3,3,Student,0,2,2,22,1,-0.5,1,0,1,0,0,0,,0.5,5,5,3,4,3,,1,0,,To see what people feel about doctors having implicit bias based on political ideas.,3
156,0.5,1,0,4,3,3,5,3,5,3,5,3.5,5,3,4,4,4,4,4,4,5,4,5,5,4,4,5,4.6,5,5,6,5.33,5,6,7,1,7,4.75,4,7,6,6,7,7,6.6,6,5,3,5,6,6,5.2,4,5,5,5,3,4.25,4,6,5,5,3,2,3,IT,0,2,2,20,1,-0.5,0,0,1,0,0,0,,-0.5,2,6,2,2,1,,1,0,,,3
157,0.5,1,0,2,6,6,7,1,7,1,5,3.5,7,1,7,1,7,1,6,1,1,1.83,1,1,1,1,1,1,1,5,1,2.33,7,7,1,7,7,7,1,2,5,5,5,3,4,1,7,1,1,1,1,1,7,5,1,3,5,4.5,7,7,7,7,3,3,3,sales associate,0,2,2,26,1,-0.5,0,0,1,0,0,0,,-0.5,6,3,5,5.5,4,libertarian,1,0,no,I don't know,2
158,0.5,1,0,3,3,5,5,3,5,3,4,3.5,5,3,4,4,5,3,5,6,5,4.33,4,5,3,5,4,4.2,5,6,5,5.33,4,5,6,2,5,4,6,4,6,5,4,3,4.4,3,2,6,5,5,4,4.6,3,6,5,4,4,4.5,3,3,4,3.33,3,3,3,Software support specialiat,0,1,2,26,1,-0.5,0,0,1,0,0,0,,-0.5,4,5,3,3.5,3,,1,0,,I'm not sure,2
159,0.5,1,0,2,2,2,4,4,4,4,6,3.33,5,3,5,3,5,3,6,6,6,4.5,6,2,6,6,5,5,3,6,5,4.67,2,2,6,2,2,2,2,2,3,6,2,2,3,3,2,6,6,6,2,4.6,2,2,2,6,2,2,6,6,6,6,3,3,3,"self employed, e-commerce",0,2,2,58,1,-0.5,0,0,1,0,0,0,,-0.5,6,2,6,6,3,,1,0,,unsure,1
160,0.5,1,0,2,2,2,6,2,6,2,2,2,6,2,6,2,6,2,4,2,4,2.67,1,1,1,2,1,1.2,1,2,1,1.33,4,4,3,5,4,4.25,4,4,4,4,4,4,4,2,7,1,2,4,1,2,4,2,2,6,2,2.5,6,6,4,5.33,3,3,3,Administrative Assistant,0,2,2,69,2,0.5,1,0,0,0,0,0,,0.5,4,1,7,5.5,3,,1,0,None.,Implicit bias.,2
161,0.5,1,0,7,7,7,1,7,1,7,7,7,1,7,1,7,1,7,7,7,7,7,7,4,7,4,6,5.6,7,7,7,7,1,1,7,1,1,1,1,1,1,7,7,1,3.4,7,1,7,7,7,7,7,1,1,1,7,1,1,6,6,6,6,3,3,3,office manager,0,2,2,30,1,-0.5,0,0,0,1,0,0,,0.5,1,7,1,1,1,,1,0,no,perception of bias,2
162,0.5,1,0,7,7,7,1,7,1,7,7,7,1,7,1,7,1,7,7,7,7,7,7,7,7,7,7,7,7,7,7,7,5,1,7,1,1,2,7,1,1,1,1,1,1,7,1,7,7,7,7,7,5,5,7,2,6,5.75,7,7,7,7,1,3,3,Data Analyst,0,2,2,23,1,-0.5,0,0,1,0,0,0,,-0.5,1,7,1,1,1,,1,0,I do not.,To evaluate how people responded to the news in the article.,3
163,0.5,1,0,4,5,6,4,4,2,6,5,5,5,3,7,1,7,1,5,6,5,3.5,6,4,6,4,4,4.8,2,5,2,3,6,6,4,4,6,5.5,5,4,4,5,5,5,4.6,6,2,6,7,6,7,6.4,4,3,5,3,5,4.25,2,2,4,2.67,3,3,3,Self-employed,0,2,2,29,1,-0.5,0,0,1,0,0,0,,-0.5,2,6,2,2,3,,1,0,No,To see how people react to a real or fake story.,2
164,0.5,1,0,2,6,6,3,5,2,6,6,5.17,6,2,5,3,5,3,6,6,5,4.17,6,6,6,6,6,6,2,3,3,2.67,5,2,6,2,5,3.5,6,1,1,6,1,1,2,7,1,7,7,7,7,7,5,5,5,3,5,5,6,6,7,6.33,3,3,3,retail,0,2,2,37,1,-0.5,0,0,1,0,0,0,,-0.5,1,7,1,1,1,,1,0,,To see our views of others and biases.,2
165,0.5,1,0,5,3,5,3,5,3,5,5,4.67,3,5,3,5,5,3,5,5,5,4.67,6,6,6,6,5,5.8,6,5,5,5.33,2,2,2,6,2,3,3,1,1,1,1,1,1,7,1,7,7,7,7,7,1,1,1,5,3,1.5,6,6,5,5.67,3,3,3,Retail,0,2,2,25,1,-0.5,0,0,1,0,0,0,,-0.5,2,5,3,2.5,1,,1,0,,,2
166,0.5,1,0,5,5,5,5,3,5,3,5,4.33,4,4,4,4,4,4,4,4,4,4,4,5,5,5,5,4.8,5,5,5,5,4,4,4,4,4,4,4,4,4,4,4,4,4,4,4,4,4,4,4,4,4,4,4,4,4,4,4,4,4,4,3,3,1,INTERNET,0,2,2,26,1,-0.5,0,0,1,0,0,0,,-0.5,4,4,4,4,3,,1,0,thank you,perceptions of beliefs,2
167,0.5,1,0,5,6,5,3,5,3,5,6,5.33,5,3,5,3,5,3,5,6,3,3.83,4,4,4,3,3,3.6,4,5,3,4,4,6,3,5,4,4.75,5,3,3,3,3,2,2.8,5,2,6,5,5,6,5.4,4,4,5,3,5,4.5,6,6,6,6,3,3,3,Technical Support Lead,0,2,2,55,1,-0.5,0,0,1,0,0,0,,-0.5,1,7,1,1,1,,1,0,none,not sure,2
168,0.5,1,0,6,6,7,2,6,4,4,7,6,3,5,4,4,4,4,7,6,6,5.33,5,7,6,6,6,6,4,6,5,5,6,5,2,6,5,5.5,6,7,6,6,5,6,6,5,2,6,5,6,5,5.4,6,5,6,2,6,5.75,5,5,6,5.33,3,3,3,IT Associate,0,2,2,28,1,-0.5,0,0,1,0,0,0,,-0.5,6,3,5,5.5,2,,1,0,,Perceptions toward implicit bias and how individual view the concept of such bias in comparison with those in a profession such as doctors.,2
169,0.5,1,0,7,7,7,1,7,1,7,7,7,7,1,7,1,7,1,7,7,7,4,7,7,7,7,7,7,7,7,7,7,1,1,7,1,1,1,7,7,7,7,7,7,7,7,1,7,7,7,7,7,1,1,1,1,7,2.5,7,7,7,7,3,3,3,student,0,1,2,23,1,-0.5,0,0,1,0,0,0,,-0.5,1,1,7,4,3,,1,0,no comment,how people perceive bias,2
170,0.5,1,0,4,3,3,5,3,4,4,2,3.17,6,2,6,2,6,2,2,3,2,2.17,5,6,6,1,5,4.6,1,2,2,1.67,5,5,6,2,5,4.25,1,1,1,5,5,2,2.8,7,2,6,7,6,7,6.6,5,5,5,4,4,4.75,7,7,7,7,3,3,3,Chemistry Research Associate,0,2,2,38,1,-0.5,0,0,1,0,0,0,,-0.5,4,4,4,4,3,,1,0,Thank you!,"The researchers are likely interested in how people view the importance of implicit political bias in the practice and evaluation of physicians.  More specifically, the researchers are likely interested in seeing how the strength of peoples' own political view correlate with their opinion on how serious of a problem implicit political bias is.",2
171,0.5,1,0,5,4,5,5,3,5,3,6,4.33,4,4,5,3,5,3,6,5,5,4.33,5,3,5,3,2,3.6,1,3,3,2.33,3,4,5,3,4,3.5,2,3,2,4,4,4,3.4,4,3,5,6,5,4,4.8,3,3,3,5,3,3,6,7,6,6.33,2,3,3,Human Resources Coordinator,0,2,2,34,2,0.5,0,0,1,0,0,0,,-0.5,7,2,6,6.5,2,,1,0,No,Perceptions of biases displayed by people in the medical field.,2
172,0.5,1,0,2,2,5,5,3,5,3,4,3.17,6,2,6,2,6,2,4,6,4,3.33,5,2,5,2,6,4,3,5,4,4,6,6,3,5,6,5.75,6,3,3,6,6,6,4.8,6,2,6,6,6,6,6,6,6,6,2,6,6,6,6,6,6,3,3,3,self-employed,0,2,1,27,1,-0.5,0,0,1,0,0,0,,-0.5,1,6,2,1.5,4,Anarchist,1,0,No,Biases,2
173,0.5,1,0,2,3,3,5,3,5,3,3,2.83,5,3,5,3,5,3,6,3,5,3.83,5,5,6,2,6,4.8,1,3,3,2.33,3,2,6,2,4,2.75,7,1,1,1,1,1,1,6,1,7,7,7,6,6.6,4,5,5,3,5,4.75,5,7,7,6.33,3,3,3,Machinist,0,1,2,31,1,-0.5,0,0,1,0,0,0,,-0.5,5,5,3,4,3,,1,0,Article was correctly sized.,To understand If normal people showed an implicit bias even after reading it.,2
174,0.5,1,0,6,6,6,5,3,5,3,6,5,6,2,6,2,6,2,3,5,3,2.83,4,4,5,4,4,4.2,4,4,4,4,3,3,6,2,3,2.75,2,5,5,6,5,3,4.8,7,1,7,7,7,7,7,2,2,2,2,6,3,2,6,6,4.67,3,3,3,stenographer,0,1,2,45,2,0.5,0,0,1,0,0,0,,-0.5,5,1,7,6,2,,1,0,n/a,unsure,2
175,0.5,1,0,6,6,6,2,6,2,6,6,6,2,6,2,6,2,6,6,6,6,6,6,6,6,6,6,6,6,6,6,6,2,2,6,2,2,2,2,2,2,4,2,2,2.4,6,2,6,6,6,6,6,2,2,2,6,2,2,6,6,2,4.67,3,3,3,hostess,0,2,2,23,2,0.5,0,0,1,0,0,0,,-0.5,2,6,2,2,1,,1,0,No,I'm not sure,2
176,0.5,1,0,5,5,6,3,5,3,5,6,5.33,4,4,2,6,5,3,6,5,5,4.83,6,5,5,4,2,4.4,4,5,4,4.33,4,6,3,5,4,4.75,5,2,2,5,2,2,2.6,6,2,6,6,6,6,6,5,5,5,2,6,5.25,5,5,6,5.33,3,3,3,IT Support,0,2,2,55,1,-0.5,0,0,1,0,0,0,,-0.5,1,6,2,1.5,1,,1,0,No,Don't know,3
177,0.5,1,0,5,6,7,3,5,3,5,5,5.5,5,3,5,3,6,2,5,6,3,3.67,6,5,6,3,3,4.6,2,3,3,2.67,5,6,2,6,6,5.75,5,5,6,6,5,5,5.4,6,3,5,6,6,5,5.6,6,5,5,3,5,5.25,7,7,7,7,3,3,3,Retail Manager,0,2,2,43,1,-0.5,1,0,0,0,0,0,,0.5,2,6,2,2,1,,1,0,That article was interesting. I had no clue that this was possibly going on with doctors. As an african american male I always fear that a white doctor cant look past my skin color but this article made me fear that it may be possible that doctors can't even if they don't want to be biased.,To determine a person's perception about implicit bias.,2
178,0.5,1,0,5,6,6,2,6,2,6,6,5.83,3,5,3,5,3,5,6,6,6,5.5,6,6,6,6,6,6,6,6,6,6,5,2,5,3,5,3.75,4,1,1,1,1,1,1,7,1,7,7,7,7,7,1,1,1,1,7,2.5,5,5,5,5,3,3,3,editor,0,2,2,52,1,-0.5,0,0,1,0,0,0,,-0.5,1,6,2,1.5,1,,1,0,,no idea,2
179,0.5,1,0,6,3,5,4,4,5,3,6,4.5,3,5,5,3,5,3,5,5,3,4,5,4,3,2,5,3.8,5,2,5,4,6,5,5,3,2,4,5,6,4,6,2,3,4.2,4,6,2,4,5,5,4,5,5,3,4,4,4.25,6,5,5,5.33,3,3,3,Student,0,1,2,22,1,-0.5,1,0,1,0,0,0,,0.5,2,5,3,2.5,1,,1,0,None,Impressions of doctors and whether or not biases can be an issue with their quality of service provided.,2
180,0.5,1,0,5,6,4,4,4,5,3,6,4.67,7,1,7,1,7,1,6,4,6,3.17,6,6,6,1,5,4.8,4,4,4,4,4,4,4,4,4,4,1,1,1,1,1,1,1,1,1,7,1,1,1,2.2,1,1,1,6,2,1.25,7,7,7,7,3,3,3,Contractor,0,2,2,31,1,-0.5,0,0,0,1,0,0,,0.5,7,1,7,7,2,,1,0,None,Implicit bias,2
181,0.5,1,0,5,6,6,3,5,4,4,6,5.33,3,5,3,5,5,3,6,6,5,5,6,3,6,4,4,4.6,2,2,2,2,5,6,3,5,5,5.25,4,6,5,6,6,5,5.6,4,5,3,4,3,5,3.8,5,6,5,2,6,5.5,6,5,5,5.33,3,3,3,project manager,0,2,2,35,1,-0.5,0,0,1,0,0,0,,-0.5,2,6,2,2,1,,1,1,fake article?,How we measure our own biases,2
182,0.5,1,0,5,6,5,3,5,2,6,6,5.5,3,5,3,5,3,5,5,5,5,5,6,6,6,6,6,6,3,5,3,3.67,3,6,6,2,3,3.5,3,2,3,2,3,2,2.4,6,3,5,6,6,6,5.8,2,2,2,5,3,2.25,6,6,5,5.67,3,3,3,Agricultural Research Lab Technician,0,1,1,25,1,-0.5,0,0,0,0,1,0,,0.5,4,3,5,4.5,3,,1,0,,understanding implicit bias in the workplace,2
183,0.5,1,0,5,5,6,3,5,3,5,5,5.17,4,4,4,4,4,4,5,4,5,4.33,4,5,5,5,5,4.8,4,5,4,4.33,4,4,4,4,4,4,5,5,5,6,5,4,5,4,5,3,4,4,4,3.8,3,3,3,5,3,3,6,6,6,6,3,3,3,web dev,0,1,1,33,1,-0.5,0,0,1,0,0,0,,-0.5,5,4,4,4.5,2,,1,0,no,to see if people's implicit biases affect the way they treat other people,3
184,0.5,1,0,5,1,7,6,2,7,1,4,3.33,7,1,7,1,7,1,7,7,7,4,7,7,7,7,7,7,4,7,7,6,7,5,4,4,6,5.5,6,7,7,7,7,7,7,7,1,7,7,7,7,7,4,5,5,2,6,5,3,6,6,5,2,3,3,secretary,0,1,2,34,2,0.5,0,0,1,0,0,0,,-0.5,5,5,3,4,2,,1,0,,,2
185,0.5,1,0,3,3,3,5,3,5,3,5,3.33,6,2,6,2,6,2,5,6,5,3.67,7,5,7,5,5,5.8,3,3,3,3,5,6,3,5,5,5.25,3,7,7,7,7,6,6.8,7,4,4,7,6,7,6.2,6,6,6,2,6,6,7,7,7,7,3,3,3,unemployed,0,1,2,41,1,-0.5,0,0,1,0,0,0,,-0.5,3,3,5,4,3,,1,0,,to see how aware of implicit biases we are in ourselves and others.,2
186,0.5,1,0,7,7,7,1,7,2,6,7,6.83,1,7,1,7,1,7,7,7,7,7,7,7,7,7,5,6.6,7,7,7,7,5,6,3,5,5,5.25,6,5,1,7,1,1,3,7,2,6,7,6,7,6.6,3,1,3,5,3,2.5,7,7,7,7,3,3,3,Nurse (BSN),1,1,2,61,2,0.5,0,0,1,0,0,0,,-0.5,5,2,6,5.5,2,,1,0,Very interesting study,"To evaluate a participants willingness to acknowledge implicit bias.  I frankly believe everyone has a little, just unwilling to be frank about it.",2
187,0.5,1,0,6,6,6,1,7,6,2,6,5.5,5,3,5,3,5,3,5,6,5,4.17,5,5,6,3,5,4.8,3,3,2,2.67,5,5,4,4,5,4.75,5,5,3,6,5,2,4.2,5,2,6,5,4,4,4.8,3,2,2,3,5,3,5,5,5,5,2,3,3,Student,0,2,2,27,2,0.5,0,0,1,0,0,0,,-0.5,2,6,2,2,1,,1,0,,To find out how biased we think we are.,2
188,0.5,1,0,3,4,3,6,2,6,2,5,3.17,4,4,4,4,4,4,6,6,6,5,5,3,5,5,3,4.2,3,3,3,3,4,4,6,2,5,3.75,3,3,2,6,3,2,3.2,6,3,5,6,6,6,5.8,5,3,5,5,3,4,6,6,6,6,3,3,3,Quality Systems Manager,0,1,1,52,1,-0.5,0,0,1,1,1,0,,0.5,1,7,1,1,3,,1,0,,,2
189,0.5,1,0,1,3,4,7,1,1,7,5,3.5,7,1,6,2,7,1,7,7,7,4.17,5,1,7,1,1,3,1,5,3,3,7,7,2,6,5,6.25,7,1,3,5,1,3,2.6,7,3,5,7,6,7,6.4,6,1,6,1,7,5,7,7,7,7,3,3,3,chef,0,2,2,60,1,-0.5,0,0,1,0,0,0,,-0.5,1,7,1,1,1,,1,0,"no, outside it was interesting",several possibilities. So many I could not say,2
190,0.5,1,0,6,6,6,2,6,2,6,6,6,2,6,2,6,2,6,6,5,6,5.83,5,5,5,5,5,5,5,4,4,4.33,4,4,5,3,4,3.75,4,2,2,4,4,3,3,4,3,5,5,5,5,4.8,4,3,3,4,4,3.5,4,4,4,4,3,3,3,retail,0,2,2,44,1,-0.5,0,0,1,0,0,0,,-0.5,1,6,2,1.5,3,,1,0,,,3
191,0.5,1,0,2,6,6,2,6,2,6,6,5.33,3,5,5,3,5,3,6,6,6,4.83,6,6,6,6,6,6,6,6,3,5,5,5,3,5,2,4.25,5,6,6,6,6,2,5.2,6,2,6,6,6,6,6,6,6,6,2,6,6,5,5,6,5.33,3,3,3,software engineer,0,2,2,25,2,0.5,0,1,0,0,0,0,,0.5,2,6,2,2,1,,1,0,,How we feel about implicit bias,2
192,0.5,1,0,6,3,3,7,1,7,1,6,3.33,7,1,7,1,7,1,6,6,6,3.5,5,2,5,6,1,3.8,1,1,1,1,1,1,6,2,1,1.25,6,7,6,6,7,6,6.4,7,4,4,7,7,7,6.4,2,1,2,6,2,1.75,7,7,7,7,3,3,3,webmaster,0,2,1,52,1,-0.5,0,0,1,0,0,0,,-0.5,7,1,7,7,2,,1,0,no,Bias in medical treatment,2
193,0.5,1,0,4,4,4,5,3,5,3,5,3.83,5,3,3,5,3,5,3,6,4,4.33,3,4,4,2,4,3.4,6,5,4,5,5,3,6,2,5,3.75,3,6,3,5,3,4,4.2,3,2,6,2,5,4,4,5,5,4,3,5,4.75,5,3,4,4,3,2,3,forklift manager,0,1,2,46,1,-0.5,0,0,0,0,1,0,,0.5,4,4,4,4,2,,1,0,n/a,"have no idea, sorry.",2
194,0.5,1,0,3,4,4,4,4,3,5,6,4.33,3,5,5,3,5,3,5,2,5,3.83,6,5,5,2,2,4,3,5,2,3.33,5,4,6,2,2,3.25,5,2,2,2,2,1,1.8,6,6,2,6,2,5,4.2,2,6,6,6,2,4,5,5,5,5,3,3,3,graphic designer,0,2,2,27,1,-0.5,0,0,1,0,0,0,,-0.5,3,5,3,3,1,,1,0,None,if we're biased or not,2
195,0.5,1,0,4,4,4,4,4,2,6,6,4.67,4,4,5,3,5,3,6,6,4,4.33,4,5,4,4,4,4.2,4,4,2,3.33,5,4,4,4,4,4.25,5,4,3,3,5,5,4,4,3,5,3,4,4,4,4,4,2,3,5,3.75,4,5,5,4.67,3,3,3,Unemployed,0,2,2,27,1,-0.5,0,1,0,0,0,0,,0.5,3,5,3,3,1,,1,0,,Implicit biases in doctor's interaction with patents.,2
196,0.5,1,0,1,7,7,1,7,1,7,7,6,1,7,1,7,4,4,7,7,4,6,7,7,7,7,7,7,4,4,4,4,5,6,5,3,5,4.75,6,4,4,6,4,4,4.4,7,1,7,7,7,7,7,5,4,5,5,3,4.25,1,1,4,2,3,3,4,Freelancer,0,2,2,26,2,0.5,0,0,1,0,0,0,,-0.5,4,4,4,4,3,,1,0,"none, thank you",To learn how people think about biases,2
197,0.5,1,0,4,7,7,1,7,5,3,4,5.33,6,2,5,3,5,3,7,6,7,4.67,7,7,7,7,7,7,7,7,7,7,7,7,6,2,7,5.75,5,5,5,5,6,4,5,5,5,3,5,5,5,4.6,7,6,6,2,6,6.25,3,3,4,3.33,3,3,3,admin assistant,0,2,1,23,2,0.5,0,0,1,1,0,0,,0.5,1,7,1,1,1,,1,0,no,"better understand how different types of information are learned, processed, and reported",3
198,0.5,1,0,4,4,4,4,4,4,4,4,4,4,4,4,4,4,4,4,4,4,4,4,4,4,4,4,4,4,4,4,4,4,4,4,4,4,4,4,4,4,4,4,4,4,4,4,4,4,4,4,4,4,4,4,4,4,4,4,4,4,4,3,3,3,26,0,1,1,26,2,0.5,0,0,1,0,0,0,,-0.5,6,1,7,6.5,2,,1,0,,Perceptions about doctors asking about my guns,2
199,0.5,1,0,5,6,6,6,2,4,4,6,4.83,3,5,3,5,3,5,6,6,6,5.5,6,6,6,6,6,6,6,5,5,5.33,5,5,3,5,5,5,3,2,2,6,2,2,2.8,2,2,6,6,6,6,5.2,4,5,5,3,5,4.75,6,6,6,6,3,3,3,teacher,0,2,2,27,1,-0.5,0,0,1,0,0,0,,-0.5,3,5,3,3,3,,1,0,,no idea,2
200,0.5,1,0,5,3,5,5,3,3,5,5,4.33,4,4,5,3,5,3,4,4,5,3.83,5,5,3,4,3,4,5,3,6,4.67,4,6,4,4,5,4.75,4,2,6,4,4,5,4.2,3,5,3,5,4,4,3.8,5,4,3,5,3,3.75,5,4,5,4.67,3,3,3,business clerk,0,2,2,27,1,-0.5,0,0,1,0,0,0,,-0.5,2,5,3,2.5,1,,1,0,,to see how we feel about doctors who have implicit biases,2
201,0.5,1,0,4,5,5,4,4,4,4,3,4.17,3,5,3,5,3,5,5,5,5,5,4,4,4,4,4,4,4,4,4,4,1,1,4,4,1,1.75,4,1,4,1,1,4,2.2,4,3,5,4,4,6,4.6,2,2,1,6,2,1.75,4,6,6,5.33,3,3,3,FREELANCE VOICE TALENT,0,2,2,50,1,-0.5,1,0,0,0,0,0,,0.5,4,4,4,4,3,,1,0,NO,personal views,2
202,0.5,1,0,5,5,4,3,5,2,6,2,4.5,2,6,3,5,3,5,6,5,5,5.33,5,5,4,6,3,4.6,6,5,3,4.67,3,3,6,2,2,2.5,2,5,6,4,3,6,4.8,5,5,3,5,6,5,4.8,3,2,3,4,4,3,4,6,4,4.67,3,3,3,tech manager,0,2,2,26,2,0.5,0,0,1,0,0,0,,-0.5,2,7,1,1.5,1,,1,0,,I'm not positive.,2
203,0.5,1,0,6,4,5,4,4,6,2,7,4.67,5,3,5,3,5,3,7,4,4,4,7,1,7,6,5,5.2,4,4,4,4,1,1,1,7,1,2.5,1,5,1,1,1,1,1.8,7,1,7,7,7,7,7,1,1,1,7,1,1,5,5,5,5,3,3,3,Sales,0,1,2,41,2,0.5,1,0,0,0,0,0,,0.5,4,4,4,4,3,,1,0,No,Biases,2
204,0.5,1,0,2,4,4,6,2,6,2,4,3,6,2,6,2,6,2,6,3,6,3.5,4,4,6,5,2,4.2,2,2,2,2,6,6,2,6,6,6,6,5,5,5,5,5,5,4,6,2,3,4,3,3.2,6,2,2,6,2,3,6,6,6,6,3,3,3,animal control officer,0,1,2,56,2,0.5,0,0,1,0,0,0,,-0.5,7,1,7,7,2,,1,0,I would have preferred that there be a 'prefer not to say' choice on the question about gun ownership,no idea,3
205,0.5,1,0,5,6,7,2,6,2,6,6,6,4,4,3,5,3,5,6,4,5,4.83,4,5,6,7,2,4.8,2,5,4,3.67,2,2,7,1,2,1.75,3,2,3,3,2,4,2.8,7,1,7,5,5,6,6,1,1,1,7,1,1,7,7,5,6.33,3,3,3,CR II,0,2,2,34,2,0.5,0,0,0,0,1,0,,0.5,3,6,2,2.5,1,,1,0,no,Not suer,2
206,0.5,1,0,4,5,5,4,4,3,5,5,4.67,4,4,5,3,5,3,5,5,5,4.17,7,4,6,6,5,5.6,3,4,3,3.33,1,1,2,6,1,2.25,4,1,1,1,1,1,1,7,2,6,6,6,7,6.4,1,1,2,2,6,2.5,6,6,7,6.33,3,3,3,Teacher,0,2,2,34,2,0.5,0,0,1,0,0,0,,-0.5,1,7,1,1,1,,1,0,Nope,Not sure,3
207,0.5,1,0,4,4,4,4,4,4,4,4,4,4,4,4,4,4,4,4,4,4,4,4,4,4,4,4,4,4,4,4,4,4,4,4,4,4,4,4,4,4,4,4,4,4,4,4,4,4,4,4,4,4,4,4,4,4,4,4,4,4,4,3,2,4,student,0,2,3,22,1,-0.5,0,0,1,0,0,0,,-0.5,4,4,4,4,1,,1,0,,,2
208,0.5,1,0,6,6,6,1,7,2,6,7,6.33,1,7,1,7,6,2,7,7,6,6,6,6,7,6,6,6.2,7,6,6,6.33,3,4,2,6,3,4,2,4,3,3,2,4,3.2,4,4,4,5,3,5,4.2,4,3,4,3,5,4,4,4,4,4,3,3,3,Cashier,0,2,2,24,2,0.5,0,0,0,1,0,0,,0.5,1,5,3,2,1,,1,0,No.,No idea,2
209,0.5,1,0,5,6,6,6,2,1,7,6,5.33,2,6,2,6,2,6,6,6,6,6,3,6,6,6,4,5,6,6,4,5.33,5,6,6,2,6,4.75,2,4,6,2,3,2,3.4,2,3,5,6,3,6,4.4,3,7,4,3,5,4.75,2,6,5,4.33,3,3,3,Retail,0,2,1,30,1,-0.5,0,0,1,0,1,0,,0.5,5,5,3,4,4,Libertarian,1,1,I would hope doctors don't actually do that.,Not sure,2
210,0.5,1,0,5,6,4,2,6,1,7,5,5.5,4,4,6,2,6,2,5,6,5,4,7,6,7,6,4,6,6,6,4,5.33,2,5,6,2,4,3.25,6,5,1,7,4,3,4,5,4,4,5,5,2,4.2,4,4,2,3,5,3.75,6,6,7,6.33,3,3,3,designer,0,2,3,31,2,0.5,0,0,1,0,0,0,,-0.5,4,4,4,4,3,,1,0,Great study. Memory check for Yale and Harvard messed with me a little; but it's good to keep us on our toes.,to understand how people process information.,2
211,0.5,1,0,5,4,4,3,5,4,4,4,4.33,4,4,4,4,5,3,3,5,4,3.83,5,5,6,4,5,5,4,4,6,4.67,4,4,4,4,5,4.25,4,4,2,4,4,4,3.6,3,5,3,4,4,5,3.8,5,6,4,3,5,5,5,4,5,4.67,3,3,3,office manager,0,2,1,30,2,0.5,0,0,1,0,0,0,,-0.5,1,7,1,1,1,,1,0,,,2
212,0.5,1,0,6,6,6,1,7,2,6,6,6.17,2,6,2,6,2,6,7,7,7,6.5,7,6,7,7,7,6.8,7,7,7,7,6,6,6,2,6,5,7,6,6,6,6,6,6,6,6,2,6,2,6,4.4,6,6,6,2,6,6,5,5,5,5,3,3,3,turker,0,2,3,43,2,0.5,0,0,1,0,0,0,,-0.5,5,3,5,5,2,,1,0,no,I do not know.,2
213,0.5,1,0,6,6,6,3,5,2,6,6,5.83,2,6,2,6,2,6,6,6,6,6,6,5,6,4,6,5.4,4,5,4,4.33,5,5,5,3,2,3.75,5,3,3,6,3,2,3.4,6,2,6,6,6,6,6,5,5,3,3,5,4.5,2,2,4,2.67,3,3,3,data analyst,0,1,2,35,2,0.5,0,0,0,1,0,0,,0.5,5,5,3,4,1,,1,0,no,how we view people who treat others in a biased manner,2
214,0.5,1,0,6,6,6,2,6,5,3,6,5.5,2,6,2,6,2,6,6,5,6,5.83,7,6,7,2,5,5.4,4,6,4,4.67,3,1,7,1,3,2,1,6,3,6,6,6,5.4,6,5,3,6,4,6,5,5,2,2,6,2,2.75,3,4,4,3.67,3,3,3,Finance,0,2,2,34,2,0.5,1,0,0,0,0,0,,0.5,3,5,3,3,1,,1,0,,To see how people feel about doctor's being biased,2
215,0.5,1,0,2,3,2,4,4,6,2,4,2.83,5,3,5,3,5,3,4,3,2,3,3,2,2,2,2,2.2,1,2,2,1.67,2,2,2,6,2,3,2,2,2,2,2,2,2,6,6,2,6,3,6,4.6,1,1,1,6,2,1.25,6,6,4,5.33,2,3,3,Administrative Assistant,0,2,2,35,2,0.5,0,0,1,1,1,0,,0.5,6,1,7,6.5,2,,1,0,,,2
216,0.5,1,0,5,5,5,1,7,2,6,6,5.67,3,5,2,6,5,3,7,4,3,4.67,5,4,5,3,5,4.4,4,3,3,3.33,6,6,2,6,6,6,5,3,5,3,3,5,3.8,5,3,5,6,5,5,5.2,6,2,5,2,6,4.75,5,5,6,5.33,3,3,3,Sonographer,0,2,1,35,2,0.5,0,0,1,0,0,0,,-0.5,5,2,6,5.5,3,,1,0,No thank you,I am not sure,2
217,0.5,1,0,5,6,7,1,7,3,5,7,6.17,3,5,2,6,6,2,7,6,3,4.83,7,3,7,2,6,5,3,7,6,5.33,1,1,6,2,1,1.25,1,4,4,2,4,1,3,6,2,6,5,6,5,5.6,2,2,2,6,2,2,2,2,4,2.67,3,3,3,Food prep/service,0,1,2,44,2,0.5,0,0,1,0,0,0,,-0.5,6,1,7,6.5,2,,1,0,,How people judge doctors for being biased when they themselves could be just as biased.,2
218,0.5,1,0,5,5,6,3,5,6,2,7,5,5,3,3,5,7,1,6,5,3,3.83,2,1,2,2,1,1.6,3,3,1,2.33,5,5,5,3,5,4.5,5,7,6,5,2,3,4.6,7,1,7,7,7,7,7,5,3,5,1,7,5,3,6,6,5,3,3,3,self-employed,0,1,2,50,2,0.5,0,0,1,0,0,0,,-0.5,4,4,4,4,1,,1,0,none,how people judge others,2
219,0.5,1,0,3,4,4,3,5,3,5,5,4.33,5,3,5,3,6,2,5,6,3,3.67,6,4,5,4,2,4.2,1,3,2,2,5,5,3,5,5,5,3,4,6,5,5,5,5,6,2,6,6,7,6,6.2,5,4,5,2,6,5,6,6,6,6,3,3,3,Editor / Technical Writer,0,1,2,43,2,0.5,0,1,0,0,0,0,,0.5,4,3,5,4.5,2,,1,0,,If being told about others having implicit bias made people more aware of their own bias and prejudices.,2
220,0.5,1,0,2,3,3,4,4,4,4,2,3,5,3,7,1,7,1,3,1,2,1.83,5,3,4,4,4,4,1,4,1,2,5,6,2,6,2,4.75,2,1,5,3,3,2,2.8,5,6,2,5,1,2,3,2,2,1,6,2,1.75,7,7,4,6,3,3,3,marketer,0,2,2,28,1,-0.5,0,0,1,0,0,0,,-0.5,7,4,4,5.5,2,,1,0,,I don't know.,3
221,0.5,1,0,6,5,7,6,2,6,2,5,4.5,5,3,5,3,6,2,6,6,7,4.5,7,6,6,6,5,6,6,6,5,5.67,6,7,6,2,5,5,5,6,6,6,5,5,5.6,5,3,5,6,7,7,6,7,6,6,5,3,5.5,6,5,6,5.67,3,3,3,Media production,0,2,1,27,1,-0.5,0,0,1,0,0,0,,-0.5,5,2,6,5.5,2,,1,0,,,2
222,0.5,1,0,5,6,6,2,6,7,1,7,5.17,5,3,5,3,5,3,7,7,7,5,7,4,7,4,3,5,7,5,3,5,6,2,2,6,6,5,2,4,6,4,4,4,4.4,6,3,5,6,4,6,5.4,4,2,2,6,2,2.5,6,6,6,6,3,3,3,homemaker,0,1,1,30,2,0.5,0,0,1,0,0,0,,-0.5,2,6,2,2,1,,1,0,"no issues, thank you",to see if people are cias or stereotypical,2
223,0.5,1,0,6,6,7,2,6,3,5,6,6,3,5,3,5,3,5,6,6,6,5.5,5,6,4,5,5,5,4,6,5,5,5,4,5,3,5,4.25,5,6,4,4,5,4,4.6,6,2,6,6,5,6,5.8,4,5,5,3,5,4.75,6,6,6,6,3,3,3,product designer,0,2,1,29,2,0.5,0,0,1,0,0,0,,-0.5,1,7,1,1,3,,1,0,,,2
224,0.5,1,0,7,7,7,1,7,1,7,7,7,1,7,1,7,1,7,7,7,7,7,7,5,7,5,5,5.8,7,7,7,7,1,1,7,1,1,1,1,1,7,7,1,7,4.6,7,1,7,7,7,7,7,1,1,1,7,1,1,7,7,7,7,3,3,3,Self Employed,0,2,1,37,1,-0.5,0,0,1,0,0,0,,-0.5,1,6,2,1.5,1,,1,0,none,Implicit bias,1
225,0.5,1,0,4,6,6,2,6,2,6,6,5.67,2,6,3,5,3,5,6,6,5,5.5,6,6,7,5,6,6,5,6,4,5,2,3,5,3,3,2.75,3,2,2,3,2,2,2.2,6,1,7,6,7,5,6.2,2,2,3,6,2,2.25,7,7,6,6.67,3,3,3,N/A,0,2,2,27,1,-0.5,0,0,1,0,0,0,,-0.5,2,6,2,2,3,,1,0,no,I think the study was seeing how people felt about doctors having implicit biases and if those people have implicit biases themselves.,2
226,0.5,1,0,6,6,6,2,6,3,5,6,5.83,2,6,2,6,2,6,6,6,6,6,6,6,6,4,4,5.2,6,6,6,6,3,2,6,2,3,2.5,3,6,6,6,6,3,5.4,7,2,6,7,6,7,6.6,2,3,3,6,2,2.5,5,5,6,5.33,3,3,3,Customer Service Rep,0,1,1,59,2,0.5,0,0,1,0,0,0,,-0.5,2,6,2,2,1,,1,0,,I'm not sure,2
227,0.5,1,0,6,6,6,6,2,1,7,6,5.5,2,6,2,6,2,6,6,6,6,6,6,6,6,6,6,6,3,6,6,5,2,2,6,2,2,2,2,2,2,2,2,2,2,2,1,7,6,6,6,5.4,5,5,5,3,5,5,6,6,5,5.67,3,3,3,Payroll Manager,0,2,2,32,1,-0.5,0,0,1,0,0,0,,-0.5,5,5,3,4,3,,1,0,,,3
228,0.5,1,0,4,3,3,5,3,2,6,3,3.67,5,3,5,3,5,3,4,5,4,3.67,6,3,6,3,4,4.4,4,4,3,3.67,5,5,3,5,5,5,6,2,5,5,5,3,4,7,1,7,7,7,7,7,6,6,6,2,6,6,6,6,7,6.33,3,3,3,Human Resources Manager,0,2,2,29,2,0.5,0,0,1,0,0,0,,-0.5,1,7,1,1,1,,1,0,No,I am not sure.,2
229,0.5,1,0,2,6,6,6,2,4,4,4,4,2,6,2,6,2,6,6,6,6,6,4,4,2,2,2,2.8,2,2,2,2,6,4,6,2,4,4,2,6,6,2,6,6,5.2,6,4,4,6,6,6,5.6,4,4,4,4,4,4,2,2,2,2,3,3,4,self employed,0,2,2,46,2,0.5,0,0,1,0,0,0,,-0.5,4,4,4,4,3,,1,0,not really,about politics,2
230,0.5,1,0,5,5,6,3,5,4,4,6,5.17,5,3,5,3,5,3,6,6,3,4,6,6,7,5,5,5.8,6,6,5,5.67,5,5,6,2,5,4.25,4,6,4,5,2,3,4,5,4,4,6,6,5,5.2,4,3,3,4,4,3.5,4,5,4,4.33,3,3,3,Production worker,0,2,2,36,2,0.5,1,0,0,0,0,0,,0.5,2,6,2,2,1,,1,0,No,Not sure,2
231,0.5,1,0,5,2,6,5,3,5,3,4,3.83,6,2,6,2,7,1,2,6,6,3.17,6,7,5,6,5,5.8,5,6,6,5.67,2,6,6,2,5,3.75,7,5,2,3,6,7,4.6,6,7,1,2,5,6,4,5,7,5,5,3,5,5,6,7,6,2,3,3,team lead,0,2,2,24,2,0.5,0,0,1,0,0,0,,-0.5,2,5,3,2.5,1,,1,0,,no idea,2
232,0.5,1,0,6,7,7,2,6,1,7,7,6.67,1,7,1,7,1,7,7,7,7,7,7,6,7,5,3,5.6,5,6,3,4.67,2,3,6,2,3,2.5,1,1,1,1,1,1,1,7,1,7,7,7,7,7,2,2,2,6,2,2,5,6,7,6,3,3,3,was accountant,0,2,1,42,2,0.5,0,0,1,0,0,0,,-0.5,1,7,1,1,1,,1,0,,not sure other than what I answered to,3
233,0.5,1,0,4,5,4,3,5,5,3,4,4.17,4,4,5,3,5,3,5,4,4,3.83,4,4,4,5,5,4.4,5,4,4,4.33,4,5,4,4,5,4.5,5,3,5,4,4,5,4.2,4,5,3,4,5,3,3.8,4,5,4,3,5,4.5,3,5,4,4,3,1,1,Team leader,0,2,3,26,1,-0.5,1,0,0,0,0,0,,0.5,1,6,2,1.5,2,,1,0,Nice study,About the information and opinions,2
234,0.5,1,0,5,6,6,2,6,2,6,6,5.83,2,6,1,7,2,6,7,7,7,6.67,6,7,5,6,6,6,6,7,7,6.67,2,6,2,6,5,4.75,6,4,6,5,6,5,5.2,6,1,7,7,7,5,6.4,5,7,7,2,6,6.25,6,7,7,6.67,3,3,3,tso,0,2,2,32,2,0.5,0,1,0,0,0,0,,0.5,2,5,3,2.5,3,,1,0,,,2
235,0.5,1,0,5,5,6,5,3,6,2,5,4.33,5,3,6,2,5,3,5,5,6,4,5,6,5,5,5,5.2,5,6,5,5.33,5,6,5,3,5,4.75,5,6,6,6,5,6,5.8,6,5,3,5,5,5,4.8,5,6,6,6,2,4.75,5,5,6,5.33,1,1,3,Engineer,0,2,2,32,2,0.5,0,0,1,0,0,0,,-0.5,2,6,2,2,1,,1,0,Thanks for letting me participate!,Information & opinions about academia.,2
236,0.5,1,0,3,4,4,3,5,5,3,5,4,4,4,5,3,4,4,5,5,5,4.33,6,5,6,5,3,5,4,4,3,3.67,4,3,6,2,3,3,5,5,4,5,5,5,4.8,4,4,4,5,5,5,4.6,3,6,5,4,4,4.5,6,6,5,5.67,2,3,3,Sales,0,1,2,27,2,0.5,0,0,0,1,0,0,,0.5,4,5,3,3.5,1,,1,0,None,Thoughts on bias,2
237,0.5,1,0,2,5,5,3,5,2,6,7,5,5,3,6,2,6,2,6,6,5,4,6,5,7,5,5,5.6,3,5,6,4.67,3,5,3,5,3,4,6,2,2,2,2,2,2,7,1,7,7,7,7,7,5,5,5,3,5,5,3,6,6,5,3,3,3,Cashier,0,2,2,43,2,0.5,0,0,1,0,0,0,,-0.5,2,7,1,1.5,3,,1,0,None,"Other than the initial stated purpose, I don't know.",2
238,0.5,1,0,1,3,3,5,3,5,3,2,2.5,7,1,7,1,7,1,6,5,6,3.33,7,5,7,4,1,4.8,2,3,5,3.33,6,6,2,6,5,5.75,5,6,6,6,5,2,5,5,3,5,3,2,5,4,5,3,5,2,6,4.75,6,6,7,6.33,3,3,3,Homemaker,0,2,2,36,2,0.5,0,0,0,1,0,0,,0.5,2,7,1,1.5,1,,1,0,Thank you for allowing me to participate.,I'm not sure.,2
239,0.5,1,0,6,6,6,2,6,2,6,6,6,2,6,2,6,2,6,6,6,6,6,6,6,6,6,5,5.8,4,6,4,4.67,3,3,5,3,3,3,2,4,4,4,4,4,4,7,1,7,7,7,7,7,3,5,4,3,5,4.25,5,5,6,5.33,3,3,3,Retail,0,2,2,31,1,-0.5,0,0,1,0,0,0,,-0.5,1,6,2,1.5,3,,1,0,n/a,Perceptions on doctors and bias,2
240,0.5,1,0,4,4,5,5,3,5,3,4,3.83,6,2,6,2,6,2,5,4,2,2.83,4,3,5,5,3,4,3,3,3,3,5,5,6,2,5,4.25,5,2,1,1,1,1,1.2,7,4,4,7,4,5,5.4,1,1,2,5,3,1.75,6,6,6,6,3,3,3,senior contributor,0,1,2,27,2,0.5,0,0,1,0,0,0,,-0.5,6,1,7,6.5,4,Libertarian,1,0,"Although I do not smoke marijuana, I am completely in favor of it recreational and medical uses",to test peoples awareness and attitudes towards biases,2
241,0.5,1,0,1,5,5,5,3,3,5,7,4.33,3,5,3,5,5,3,7,5,6,5.17,6,6,6,5,5,5.6,5,6,6,5.67,5,5,3,5,5,5,5,2,2,1,2,2,1.8,7,1,7,6,6,6,6.4,5,2,6,3,5,4.5,6,6,6,6,3,3,3,budtender,0,2,1,40,1,-0.5,0,0,1,1,0,0,,0.5,2,6,2,2,1,,1,0,Good luck on your study!,"Whether or not we believe in ""implicit bias"".",2
242,0.5,1,0,6,7,7,3,5,4,4,7,6,6,2,5,3,6,2,7,7,7,4.67,7,4,6,4,4,5,1,1,1,1,5,5,3,5,5,5,5,6,7,7,6,3,5.8,7,1,7,7,7,7,7,6,1,3,4,4,3.5,2,7,7,5.33,3,3,3,homemaker,0,2,2,33,2,0.5,0,0,1,0,0,0,,-0.5,7,1,7,7,2,,1,0,no,to see how people feel about implicit biases,2
243,0.5,1,0,5,6,6,3,5,2,6,6,5.67,2,6,2,6,6,2,6,6,3,4.83,6,6,6,3,6,5.4,3,5,5,4.33,2,3,4,4,3,3,5,2,1,1,1,2,1.4,6,3,5,6,5,6,5.6,5,2,2,5,3,3,6,6,6,6,3,3,3,Manager,0,1,2,37,2,0.5,1,0,0,0,0,0,,0.5,5,3,5,5,1,,1,0,no,To determine how one feels about implicit bias,2
244,0.5,1,0,7,7,7,1,7,4,4,7,6.5,1,7,1,7,1,7,7,7,7,7,7,7,7,4,4,5.8,7,7,7,7,4,5,4,4,4,4.25,5,5,5,5,5,5,5,5,5,3,5,5,5,4.6,1,2,2,1,7,3,4,5,5,4.67,3,3,3,sales,0,1,2,40,1,-0.5,0,0,1,0,0,0,,-0.5,5,2,6,5.5,2,,1,0,,,2
245,0.5,1,0,3,6,7,3,5,5,3,7,5.17,5,3,4,4,5,3,7,7,7,5.17,5,4,6,4,1,4,1,6,6,4.33,5,5,4,4,7,5.25,7,6,6,6,6,6,6,7,1,7,7,7,7,7,5,5,7,1,7,6,7,7,7,7,3,3,3,budget analyst,0,2,1,29,1,-0.5,0,0,1,0,0,0,,-0.5,1,7,1,1,3,,1,0,None.,Examine opinions of political implicit bias.,2
246,0.5,1,0,5,6,4,5,3,5,3,4,4.17,6,2,5,3,5,3,5,5,5,3.83,2,4,3,4,4,3.4,4,5,5,4.67,5,6,5,3,6,5,5,6,6,5,4,6,5.4,6,5,3,6,5,5,5,5,6,7,6,2,5,6,5,5,5.33,3,3,3,Financial Analyst,0,2,2,23,2,0.5,0,0,1,0,0,0,,-0.5,6,3,5,5.5,2,,1,0,n/a,To study about implicit bias.,2
247,0.5,1,0,6,6,6,4,4,2,6,6,5.67,3,5,3,5,3,5,6,6,6,5.5,6,6,5,6,6,5.8,4,6,4,4.67,2,5,6,2,2,2.75,5,2,4,4,2,2,2.8,6,3,5,6,6,6,5.8,2,2,2,6,2,2,5,5,6,5.33,3,3,3,stagehand,0,2,2,39,1,-0.5,0,0,1,0,0,0,,-0.5,5,5,3,4,3,,1,0,na,opinions on bias,2
248,0.5,1,0,5,6,7,2,6,3,5,6,5.83,2,6,2,6,6,2,7,6,3,5,7,7,7,6,6,6.6,5,7,3,5,5,2,6,2,1,2.5,1,2,6,6,6,2,4.4,7,1,7,7,7,7,7,3,2,2,3,5,3,6,6,7,6.33,2,3,3,Paralegal,0,2,2,42,2,0.5,0,1,1,0,1,0,,0.5,2,6,2,2,1,,1,0,,I have no idea what the purpose of the study was.,2
249,0.5,1,0,1,2,2,6,2,3,5,4,2.67,6,2,6,2,6,2,2,2,2,2,5,1,5,1,1,2.6,1,1,1,1,1,1,7,1,1,1,1,1,1,1,1,1,1,7,1,7,7,7,7,7,1,6,6,1,7,5,6,7,6,6.33,3,3,3,Technician,0,2,2,36,1,-0.5,0,0,1,0,0,0,,-0.5,1,7,1,1,1,,1,0,,To evaluate how people view themselves after reading about implicit bias.,3
250,0.5,1,0,2,5,4,6,2,5,3,5,3.5,6,2,5,3,5,3,5,5,5,3.83,4,4,6,4,4,4.4,3,5,4,4,5,4,3,5,5,4.75,3,6,6,6,5,5,5.6,6,2,6,6,6,6,6,5,5,3,3,5,4.5,5,5,5,5,1,3,3,maintanence technician,0,2,2,32,1,-0.5,0,0,1,0,0,0,,-0.5,4,3,5,4.5,4,libertarian,1,0,Seems to show that doctors are human and I am not sure that can be fixed.,Understand how implicit biases effect decisions.,2
251,0.5,1,0,3,5,5,1,7,4,4,6,5,5,3,4,4,5,3,5,4,5,4,5,5,4,1,4,3.8,2,2,2,2,6,6,1,7,6,6.25,1,1,5,1,4,2,2.6,3,6,2,2,1,2,2,4,1,1,7,1,1.75,5,7,7,6.33,1,3,3,LINEMAN,0,1,3,51,1,-0.5,0,0,1,0,0,0,,-0.5,4,4,4,4,1,,1,0,,TO STUDY BIAS BASED ON POLITICAL VIEWS,2
252,0.5,1,0,5,6,6,2,6,2,6,6,5.83,4,4,4,4,4,4,6,4,6,4.67,6,6,6,6,6,6,4,3,3,3.33,2,2,6,2,2,2,2,2,2,2,2,2,2,6,2,6,6,6,6,6,2,2,3,6,2,2.25,5,6,6,5.67,3,3,3,pharmacy technician,0,2,2,30,2,0.5,0,1,0,0,0,0,,0.5,3,5,3,3,1,,1,0,I do not have anything else to add,I think this is about how people perceive implicit biases coming from professionals,2
253,0.5,1,0,4,5,5,4,4,3,5,6,4.83,5,3,5,3,5,3,6,6,6,4.5,6,5,7,5,4,5.4,5,5,4,4.67,5,5,3,5,5,5,5,3,2,4,2,2,2.6,6,1,7,6,6,6,6.2,5,5,5,2,6,5.25,6,6,7,6.33,3,3,3,Data Center Support,0,2,2,54,1,-0.5,0,0,1,0,0,0,,-0.5,2,6,2,2,1,,1,0,No,thoughts about bias,2
254,0.5,1,0,3,6,6,5,3,5,3,6,4.5,5,3,5,3,7,1,4,5,4,3.33,5,5,5,6,1,4.4,4,6,5,5,5,5,4,4,3,4.25,5,2,1,5,1,1,2,7,1,7,7,7,7,7,3,2,3,5,3,2.75,6,6,6,6,3,3,3,High school history teacher,0,2,1,32,1,-0.5,0,0,1,0,0,0,,-0.5,1,7,1,1,3,,1,0,no,To get our view on implicit bias.,2
255,0.5,1,0,7,7,7,1,7,1,7,7,7,1,7,7,1,7,1,7,7,7,5,7,7,7,3,7,6.2,2,5,2,3,5,6,5,3,3,4.25,1,1,1,1,1,1,1,7,1,7,7,7,7,7,5,1,1,3,5,3,7,7,7,7,3,3,3,maintenance / machinist,0,2,2,48,1,-0.5,1,0,0,0,0,0,,0.5,1,7,1,1,1,,1,0,"It was an excellent survey. I never really thought about it before. I have had some experiences with doctors and lawyers in the past and looking back now, I do believe that I have experienced it before on a few occasions.",To get peoples thoughts and opinions about implicit bias. Basically meaning do they know what it is ? Do they believe in it ? Do they feel that they have experienced it ?,2
256,0.5,1,0,5,5,7,1,7,1,7,7,6.33,3,5,1,7,1,7,7,5,7,6.33,7,5,6,2,3,4.6,7,7,7,7,3,1,6,2,3,2.25,1,1,1,2,3,1,1.6,6,1,7,6,7,1,5.4,4,1,1,7,1,1.75,7,6,7,6.67,3,3,3,CPA,0,2,2,40,2,0.5,1,0,0,0,0,0,,0.5,1,7,1,1,1,,1,0,no,perception of implicit biases,2
257,0.5,1,0,5,7,7,1,7,4,4,7,6.17,3,5,2,6,5,3,7,7,7,5.83,7,7,7,7,7,7,4,5,5,4.67,5,5,4,4,5,4.75,6,6,4,5,7,4,5.2,6,3,5,6,5,6,5.6,5,5,5,3,5,5,7,7,7,7,3,3,3,Kitchen Manager,0,2,1,25,1,-0.5,0,0,1,1,0,0,,0.5,1,7,1,1,1,,1,0,"Thought provoking stuff, I don't trust my primary care physician because i told him i smoke marijuana and i feel like now he wont prescribe me what i feel i need and so in return i smoke more marijuana","To find a way to accurately predict implicit bias and to find a way that we can combat it, in order to provide a healthier future and give patients some comfort in their doctors",1
258,0.5,1,0,7,7,7,2,6,5,3,7,6.17,1,7,1,7,1,7,7,7,7,7,7,6,7,6,5,6.2,5,7,7,6.33,3,3,6,2,3,2.75,2,4,4,7,4,4,4.6,6,1,7,7,7,7,6.8,3,4,4,5,3,3.5,6,6,6,6,3,3,3,Office Worker,0,1,2,32,1,-0.5,0,0,1,0,0,0,,-0.5,6,2,6,6,2,,1,0,None,Bias and discrimination,2
259,0.5,1,0,5,4,5,3,5,5,3,4,4.33,5,3,5,3,5,3,4,5,4,3.67,5,5,6,5,4,5,5,5,5,5,5,4,5,3,5,4.25,5,5,5,6,5,5,5.2,5,6,2,6,5,4,4.4,4,5,5,4,4,4.5,5,4,5,4.67,3,3,3,purchasing,0,2,2,30,2,0.5,0,1,0,0,0,0,,0.5,4,4,4,4,1,,1,0,,my opinion,2
260,0.5,1,0,5,6,6,3,5,2,6,7,5.83,3,5,5,3,5,3,6,7,6,5,6,6,6,5,6,5.8,6,5,5,5.33,6,6,4,4,6,5.5,3,3,3,3,3,3,3,6,5,3,6,5,6,5.2,5,2,3,5,3,3.25,5,6,6,5.67,3,3,3,Research assistant,0,2,2,37,2,0.5,0,1,0,0,0,0,,0.5,2,6,2,2,1,,1,0,No,How one feels about implicit bias when one is asked about it,2
261,0.5,1,0,5,3,3,4,4,3,5,4,4,4,4,3,5,4,4,5,4,5,4.5,4,4,5,4,3,4,4,3,5,4,5,5,5,3,4,4.25,5,4,5,5,4,4,4.4,4,3,5,3,3,5,4,4,4,5,4,4,4.25,5,3,4,4,3,3,3,software engineer,0,2,2,23,1,-0.5,0,0,1,0,0,0,,-0.5,2,5,3,2.5,1,,1,0,,I'm not sure,2
262,0.5,1,0,6,5,6,3,5,5,3,7,5.33,6,2,5,3,5,3,6,6,6,4.33,6,2,5,2,5,4,2,4,2,2.67,6,7,2,6,5,6,6,6,5,5,5,5,5.2,6,2,6,6,6,6,6,5,3,5,3,5,4.5,5,6,6,5.67,3,3,3,"Internet Marketer (Webmaster, eBay)",0,2,1,60,1,-0.5,0,0,1,0,0,0,,-0.5,2,5,3,2.5,4,Green,1,0,No,To see if marijuana users (or nonusers) are more in favor of harsher attitudes (or not) towards doctors with implicit political bias.,2
263,0.5,1,0,3,5,5,3,5,2,6,6,5,5,3,5,3,5,3,6,5,5,4.17,6,5,6,2,2,4.2,2,3,2,2.33,3,2,2,6,5,4,6,2,5,5,6,2,4,6,2,6,6,6,6,6,4,5,6,3,5,5,5,6,6,5.67,3,3,3,customer service,0,2,2,47,1,-0.5,0,0,1,0,0,0,,-0.5,1,7,1,1,1,,1,0,,,2
264,0.5,1,0,6,6,7,2,6,1,7,6,6.33,1,7,3,5,3,5,7,6,7,6.17,2,4,2,5,5,3.6,4,7,7,6,6,6,3,5,6,5.75,2,5,5,5,5,5,5,3,6,2,3,3,3,2.8,6,2,2,4,4,3.5,7,7,7,7,3,3,3,retail,0,1,2,32,1,-0.5,0,0,1,0,0,0,,-0.5,6,1,7,6.5,2,,1,0,no,whether we accept bias.,2
265,0.5,1,0,6,5,5,3,5,4,4,6,5.17,3,5,3,5,3,5,5,5,5,5,5,6,6,5,6,5.6,5,5,4,4.67,5,5,6,2,5,4.25,5,6,5,5,5,4,5,6,2,6,6,5,6,5.8,5,5,5,2,6,5.25,5,5,5,5,1,3,3,Certified Pharmacy Technician,0,1,2,34,2,0.5,0,0,1,0,0,0,,-0.5,5,4,4,4.5,1,,1,0,no,biases,2
266,0.5,1,0,2,7,6,2,6,3,5,6,5.33,5,3,5,3,5,3,5,5,5,4,7,7,7,7,7,7,5,7,7,6.33,7,1,2,6,5,4.75,5,7,2,2,1,2,2.8,2,1,7,7,7,6,5.8,2,2,2,7,1,1.75,3,5,5,4.33,3,3,3,window cleaner,0,2,1,24,1,-0.5,1,0,0,0,0,0,,0.5,1,5,3,2,3,,1,0,,"To see how people feel about bais doctors, and themselves",2
267,0.5,1,0,2,4,6,3,5,5,3,5,4.17,5,3,5,3,5,3,5,3,2,3.17,5,4,5,6,2,4.4,3,5,4,4,6,2,4,4,6,4.5,7,4,5,6,5,4,4.8,7,2,6,6,6,7,6.4,2,2,2,6,2,2,6,6,6,6,3,3,3,Graphic Designer,0,2,2,32,1,-0.5,0,0,1,0,0,0,,-0.5,1,7,1,1,3,,1,0,"I think this would be a much larger problem if people were assigned a doctor without their choosing. Luckily, for most people, we have the opportunity to shop around for doctors, and can freely choose a different one if we feel like they aren't connecting with us on a personal level. Doctors are people first, just like everyone else, and if they don't have a compatible personality with their patients, then it isn't going to be the best experience for either person.",To see how people's own implicit bias compares to their interpretation of the significance of a similar bias in doctors.,2
268,0.5,1,0,5,6,7,3,5,2,6,5,5.67,2,6,3,5,6,2,6,5,2,4.33,6,3,5,3,5,4.4,1,4,4,3,6,5,3,5,3,4.75,6,3,2,5,3,2,3,7,1,7,7,7,7,7,5,5,4,3,5,4.75,5,6,6,5.67,3,3,3,Business Program Director,0,2,2,50,1,-0.5,0,0,1,0,0,0,,-0.5,2,6,2,2,1,,1,0,Thanks for the opportunity to participate and good luck with your research!,I think that the purpose was to understand how participants experience racial and/or gender bias in their day-to-day life and to understand how participants manage that bias when it occurs.,2
269,0.5,1,0,3,2,2,7,1,7,1,3,2,6,2,6,2,7,1,3,3,2,2.17,4,5,3,4,5,4.2,3,3,3,3,1,2,6,2,1,1.5,3,5,5,6,7,3,5.2,6,1,7,7,6,6,6.4,1,1,1,6,2,1.25,6,6,7,6.33,3,3,3,student,0,2,1,22,1,-0.5,1,0,0,0,0,0,,0.5,3,6,2,2.5,1,,1,0,,not sure,2
270,0.5,1,0,4,6,6,3,5,3,5,5,5.17,5,3,5,3,5,3,6,6,3,4,6,5,7,3,3,4.8,4,5,4,4.33,5,5,3,5,5,5,7,5,5,5,5,5,5,7,1,7,7,7,7,7,5,6,6,2,6,5.75,5,5,6,5.33,3,3,3,Optician,0,2,2,43,2,0.5,0,0,1,0,0,0,,-0.5,2,6,2,2,1,,1,1,"I am curious if that article was real, or fabricated for this study.",Bias about biases? Lol,2
271,0.5,1,0,6,7,6,1,7,4,4,7,6.17,1,7,4,4,4,4,7,6,7,5.83,7,7,6,7,7,6.8,7,7,7,7,4,4,6,2,4,3.5,5,2,2,5,2,1,2.4,7,4,4,7,5,7,6,1,1,2,4,4,2,7,7,4,6,3,3,3,mturk,0,2,2,35,1,-0.5,0,0,1,0,0,0,,-0.5,1,7,1,1,1,,1,0,,Seeing what political affiliations tend to match w/ given biases,2
272,0.5,1,0,4,6,5,3,5,2,6,5,5.17,3,5,3,5,5,3,6,6,4,4.83,6,5,5,5,5,5.2,5,5,4,4.67,5,3,5,3,5,4,5,5,5,6,5,5,5.2,7,2,6,7,7,7,6.8,2,2,2,3,5,2.75,7,7,7,7,3,3,3,cashier,0,2,2,19,1,-0.5,0,0,1,0,0,0,,-0.5,5,5,3,4,3,,1,0,n/a,To see how people feel about implicit bias and how big of an issue people feel it is,2
273,0.5,1,0,5,5,7,2,6,1,7,7,6.17,2,6,5,3,6,2,7,6,7,5.17,7,5,7,6,5,6,2,7,6,5,5,6,1,7,3,5.25,6,1,1,5,1,1,1.8,7,1,7,7,7,7,7,6,6,6,1,7,6.25,7,7,7,7,3,3,3,Retired Computer Programmer,0,2,2,63,1,-0.5,0,0,1,0,0,0,,-0.5,1,7,1,1,1,,1,0,"Interesting. Most will be cured if the classes are required. Although overworked very tired Doctors may ""revert to form""",investigate views on bias,2